AQUA2_33254_checkoutex_2020-11-2-14-47UtID3dgTEI.jpg,30G31553,3063155153
AQUA2_32665_checkin_2020-10-26-10-5J1mk7OxRh3.jpg,30F32665,24T37665
AQUA5_4253_checkoutex_2020-10-23-9-23POco12QSux.jpg,30M4253,30N14253
AQUA7_46294_checkin_2020-10-24-11-16SzHPPHe0FM.jpg,29A46294,29A6294
AQUA4_03523_checkin_2020-10-25-15-28E_twfjXWt9.jpg,30F03523,30F103523
AQUA2_52911_checkin_2020-10-25-10-47llGmFsu0g3.jpg,51G52911,61I6529
AQUA2_54827_checkin_2020-10-31-11-36MomsrrHfJ2.jpg,30A54827,30A64827
AQUA4_76791_checkin_2020-10-23-17-2HFiJNNsYuD.jpg,30A76791,30A76790
AQUA7_97571_checkin_2020-10-31-8-14_cKFNdgqbd.jpg,30A97571,304975714
AQUA7_00275_checkin_2020-11-1-15-292RwA_Vw7xq.jpg,89LD00275,91D00275
AQUA5_null_checkoutex_2020-10-19-10-185ijSdzdnA8.jpg,30M4253,30M14253
AQUA5_22776_checkin_2020-11-1-14-39A9kkW_o00D.jpg,29C22776,29Z2776
AQUA2_08931_checkin_2020-10-26-8-32Eq872WszPJ.jpg,30F08931,D0R708931
AQUA7_09586_checkout_2020-10-22-8-21Kn_D98FCUN.jpg,29A09586,29409586
AQUA2_61086_checkin_2020-10-28-11-40ctxywPcjoU.jpg,30G61086,30G61085
AQUA4_51511_checkin_2020-10-28-9-30LPDv1cttRf.jpg,30G51511,30G51541
AQUA5_26583_checkin_2020-11-1-14-47lnmPTO_6Z5.jpg,30A26583,30A2658
AQUA5_96308_checkout_2020-10-26-20-364Zp8brrT2l.jpg,30A96308,30A9633408
AQUA7_34A31506_checkin_2020-10-28-17-6oBDBdgP8s3.jpg,34A31506,8ISO6
AQUA5_NULL_checkin_2020-10-19-10-12qpoQcRTCPR.jpg,30M4253,30N1253
AQUA7_47662_checkin_2020-10-27-21-23NTUaMUXsV9.jpg,30E47662,RORL7662
AQUA7_53279_checkin_2020-10-24-9-54rPctikrgb4.jpg,30G53279,30G52279
AQUA4_10993_checkin_2020-10-26-9-59Q9SC1vK434.jpg,89A10993,9410993
AQUA5_23855_checkin_2020-10-29-8-34UVGci7QPzP.jpg,29H23855,29I23875
AQUA5_4253_checkin_2020-10-23-9-28xxCJ13SUgX.jpg,30M4253,30N14253
AQUA5_09566_checkout_2020-10-22-8-227Pn9SNN1Kp.jpg,29D09566,290095661
AQUA2_07881_checkin_2020-10-28-8-8jw5pZGoF3R.jpg,29D07881,29D
AQUA5_09566_checkin_2020-10-22-8-20Cqn61iTgrg.jpg,29D09566,29009566
AQUA7_70190_checkout_2020-10-31-16-530RaE6m2Gdt.jpg,30A70190,None
AQUA4_21510_checkin_2020-10-28-17-433PdtuFRKj4.jpg,30F21510,R0750
AQUA4_7584_checkin_2020-10-26-8-38zKRMpny6jG.jpg,52F7584,62F7584
AQUA5_09566_checkout_2020-10-22-8-42Jd5PVgTBfK.jpg,29D09566,29009566
AQUA7_48270_checkin_2020-10-29-12-53VIbQGygkvP.jpg,29A48170,29A18120
AQUA4_46189_checkin_2020-10-26-17-13vAzvOY2T9y.jpg,30F46189,ROF461789
AQUA7_70190_checkout_2020-10-31-16-54d5H7_PkJoE.jpg,30A70190,EOK70190
AQUA7_44039_checkin_2020-10-24-9-54Pd8mmXwMaw.jpg,29A44039,29A440
AQUA5_09566_checkout_2020-10-22-8-25RVsWKCHq0S.jpg,29D09566,29009566
AQUA2_09290_checkin_2020-10-22-10-47kCHb4hd9Qd.jpg,14A09290,44D9290
AQUA7_54093_checkin_2020-10-28-15-53sfnrU1Jmi3.jpg,30E54093,J0L554093
AQUA2_20477_checkin_2020-10-29-9-276prk7Qk1FY.jpg,34A20477,34A20677
AQUA2_29D09566_checkin_2020-11-2-7-23xoVmRhiEQs.jpg,29D09566,29D9566
AQUA7_27838_checkout_2020-10-26-19-55zfYKsMFHAS.jpg,30G27838,80G27838
AQUA4_91866_checkin_2020-11-2-14-489hrWRUbYHM.jpg,30G01966,30G01866
AQUA7_97662_checkin_2020-11-2-17-37AU9BTVtt4r.jpg,30E97662,BOE
AQUA2_43755_checkin_2020-11-2-17-28VatYgIGFdm.jpg,30G43755,2375
AQUA5_25885_checkin_2020-10-29-8-21BWos4RevUu.jpg,29A25885,29Z5885
AQUA5_4253_checkin_2020-10-19-10-9lEnTQg5OrO.jpg,30M4253,30N4253
AQUA5_15079_checkin_2020-10-31-18-109r4mPmRJS1.jpg,29H15079,150
AQUA2__checkout_2020-10-29-9-58jy7Lae9GYD.jpg,30A58373,RON58373
AQUA2_61153_checkin_2020-11-1-8-33fv6MTLn0w0.jpg,30A61153,50A61153
AQUA5_06829_checkin_2020-11-1-11-30NBPXah7teq.jpg,30A06829,30D6829
AQUA4_46189_checkin_2020-10-28-17-40mUq_rbzcEB.jpg,30F46189,BOFL6LE9
AQUA7_43441_checkin_2020-10-26-22-41dHr6pPRo56.jpg,14A43441,14L3441
AQUA7_3555_checkin_2020-11-1-14-46Ab1b8Zf0ME.jpg,30Z3555,20Z3555
AQUA2_13497_checkin_2020-11-2-12-50CzIy6nrn1n.jpg,89C13497,8987
AQUA2_98366_checkin_2020-10-28-9-1uj4vIRH6Kj.jpg,29A98366,QEN98366
AQUA5_07716_checkin_2020-10-26-10-23_Cz0vpxxsa.jpg,29H07716,29H07216
AQUA4_1636_checkin_2020-10-27-14-24kRrU5wwy5z.jpg,38N1636,BN1636
AQUA7_57224_checkin_2020-11-1-12-13urU4m_Tsw4.jpg,29A57224,09S7220
AQUA2_19663_checkin_2020-10-31-7-48mDa65yh3hU.jpg,30G19663,30619663
AQUA4__checkout_2020-10-26-10-2jaRko6AlI7.jpg,89A1096893,9410993
AQUA7_54201_checkin_2020-10-30-12-5hUfSOCqk7P.jpg,30G54201,50S54201
AQUA5_46885_checkin_2020-10-26-16-127Ovxf4jOkZ.jpg,30G46885,8OG446885
AEONTP_6S81U5_checkin_2020-1-13-16-18bx9UOV6rY5.jpg,53S8195,53S81951
AQUA5_27580_checkout_2020-10-22-8-119zIO7HhxKM.jpg,30F27580,B0E2755180
AQUA2__checkout_2020-10-28-8-38Mtsln3KIhA.jpg,29A77998,5E477938
AQUA5_12433_checkin_2020-10-28-19-597uRMamXP7N.jpg,89A12433,89A124331
AQUA4_6767_checkin_2020-10-31-17-23M_8qb1K8Ow.jpg,29V6767,29I6767
AQUA5_13974_checkin_2020-11-1-11-34p0D6TfYwbG.jpg,34A13974,31A13974
AQUA7_74905_checkin_2020-10-26-8-53GK3BWJjhCN.jpg,30F74905,20F74905
AQUA7_09132_checkin_2020-10-24-9-49mnhyyjGDAv.jpg,30G09132,B0609132
AQUA7_61035_checkin_2020-10-27-11-23xTo1RwMWfV.jpg,30E61035,061035
AQUA4_02343_checkin_2020-10-29-10-2FJinSQHIDo.jpg,29A02343,902343
AQUA2_52911_checkin_2020-10-25-8-52w2paLJIm01.jpg,51G52911,610629MN
AQUA5_null_checkoutex_2020-10-19-10-20qZNPpLCxRn.jpg,30M4253,30N14253
AQUA5_4253_checkin_2020-10-23-9-182FEIOdbSmp.jpg,30M4253,30M14253
AQUA5_32867_checkin_2020-10-29-9-23dnUpMehRiE.jpg,30A32867,3UA32867
AQUA2_32665_checkin_2020-10-26-10-5J1mk7OxRh3.jpg,30F32665,U22665
AQUA5_4253_checkoutex_2020-10-23-9-23POco12QSux.jpg,30M4253,30N14253
AQUA2_12497_checkin_2020-10-25-8-53G_ahnwH1Kx.jpg,99A12497,66H12497
AQUA7_46294_checkin_2020-10-24-11-16SzHPPHe0FM.jpg,29A46294,29A6294
AQUA4_03523_checkin_2020-10-25-15-28E_twfjXWt9.jpg,30F03523,1035
AQUA2_52911_checkin_2020-10-25-10-47llGmFsu0g3.jpg,51G52911,616529M
AQUA2_54827_checkin_2020-10-31-11-36MomsrrHfJ2.jpg,30A54827,30A64827
AQUA4_76791_checkin_2020-10-23-17-2HFiJNNsYuD.jpg,30A76791,30A76790
AQUA7_97571_checkin_2020-10-31-8-14_cKFNdgqbd.jpg,30A97571,30O97571
AQUA7_00275_checkin_2020-11-1-15-292RwA_Vw7xq.jpg,89LD00275,P9LD00275
AQUA5_null_checkoutex_2020-10-19-10-185ijSdzdnA8.jpg,30M4253,30M14253
AQUA2_08931_checkin_2020-10-26-8-32Eq872WszPJ.jpg,30F08931,NQF08931
AQUA2_61086_checkin_2020-10-28-11-40ctxywPcjoU.jpg,30G61086,30G61085
AQUA4_51511_checkin_2020-10-28-9-30LPDv1cttRf.jpg,30G51511,30G51541
AQUA5_96308_checkout_2020-10-26-20-364Zp8brrT2l.jpg,30A96308,30A963008
AQUA7_34A31506_checkin_2020-10-28-17-6oBDBdgP8s3.jpg,34A31506,KI6U6
AQUA5_NULL_checkin_2020-10-19-10-12qpoQcRTCPR.jpg,30M4253,30M14253
AQUA7_66626_checkout_2020-11-1-11-34jVxkpgFhGP.jpg,29C66626,29C66626F
AQUA7_47662_checkin_2020-10-27-21-23NTUaMUXsV9.jpg,30E47662,30F47662
AQUA7_53279_checkin_2020-10-24-9-54rPctikrgb4.jpg,30G53279,30G57279
AQUA5_23855_checkin_2020-10-29-8-34UVGci7QPzP.jpg,29H23855,29Z3835
AQUA5_4253_checkin_2020-10-23-9-28xxCJ13SUgX.jpg,30M4253,30M14253
AQUA5_09566_checkout_2020-10-22-8-227Pn9SNN1Kp.jpg,29D09566,29O09566
AQUA2_07881_checkin_2020-10-28-8-8jw5pZGoF3R.jpg,29D07881,Z9DE07881
AQUA5_09566_checkin_2020-10-22-8-20Cqn61iTgrg.jpg,29D09566,29O09566
AQUA7_70190_checkout_2020-10-31-16-530RaE6m2Gdt.jpg,30A70190,200190
AQUA4_21510_checkin_2020-10-28-17-433PdtuFRKj4.jpg,30F21510,BOU50
AQUA4_7584_checkin_2020-10-26-8-38zKRMpny6jG.jpg,52F7584,62F7584
AQUA5_09566_checkout_2020-10-22-8-42Jd5PVgTBfK.jpg,29D09566,29I09566
AQUA7_48270_checkin_2020-10-29-12-53VIbQGygkvP.jpg,29A48170,29A28170
AQUA4_46189_checkin_2020-10-26-17-13vAzvOY2T9y.jpg,30F46189,ROF46L89
AQUA7_70190_checkout_2020-10-31-16-54d5H7_PkJoE.jpg,30A70190,EOA70190
AQUA7_44039_checkin_2020-10-24-9-54Pd8mmXwMaw.jpg,29A44039,2944L0
AQUA5_09566_checkout_2020-10-22-8-25RVsWKCHq0S.jpg,29D09566,290109566
AQUA2_09290_checkin_2020-10-22-10-47kCHb4hd9Qd.jpg,14A09290,44O9290
AQUA2_29D09566_checkin_2020-11-2-7-23xoVmRhiEQs.jpg,29D09566,29O9566
AQUA7_27838_checkout_2020-10-26-19-55zfYKsMFHAS.jpg,30G27838,80G27838
AQUA4_91866_checkin_2020-11-2-14-489hrWRUbYHM.jpg,30G01966,30G01866
AQUA2_43755_checkin_2020-11-2-17-28VatYgIGFdm.jpg,30G43755,237E
AQUA5_4253_checkin_2020-10-19-10-9lEnTQg5OrO.jpg,30M4253,304253
AQUA5_15079_checkin_2020-10-31-18-109r4mPmRJS1.jpg,29H15079,160
AQUA2__checkout_2020-10-29-9-58jy7Lae9GYD.jpg,30A58373,30S8373
AQUA5_34241_checkin_2020-11-1-15-41zKpYuMBO6y.jpg,30G34241,30G3421
AQUA2_61153_checkin_2020-11-1-8-33fv6MTLn0w0.jpg,30A61153,304611531
AQUA5_06829_checkin_2020-11-1-11-30NBPXah7teq.jpg,30A06829,30L06829
AQUA4_46189_checkin_2020-10-28-17-40mUq_rbzcEB.jpg,30F46189,ROFL6L89
AQUA5_09566_checkin_2020-10-22-8-25nQKbA99r6b.jpg,29D09566,29D095468
AQUA7_43441_checkin_2020-10-26-22-41dHr6pPRo56.jpg,14A43441,1AL341
AQUA7_3555_checkin_2020-11-1-14-46Ab1b8Zf0ME.jpg,30Z3555,20Z3555
AQUA2_13497_checkin_2020-11-2-12-50CzIy6nrn1n.jpg,89C13497,16
AQUA2_98366_checkin_2020-10-28-9-1uj4vIRH6Kj.jpg,29A98366,79K98366
AQUA5_07716_checkin_2020-10-26-10-23_Cz0vpxxsa.jpg,29H07716,29H07216
AQUA2_97025_checkin_2020-10-26-7-35Qa6PUpYN1P.jpg,30F97025,BOFE97025
AQUA7_57224_checkin_2020-11-1-12-13urU4m_Tsw4.jpg,29A57224,D957224
AQUA4__checkout_2020-10-26-10-2jaRko6AlI7.jpg,89A1096893,89A10993
AQUA5_46885_checkin_2020-10-26-16-127Ovxf4jOkZ.jpg,30G46885,306466885
AQUA4_07394_checkin_2020-10-26-16-5UF3WXRretJ.jpg,89A07394,94O7394
AQUA5_00635_checkin_2020-10-26-13-32nZs5JzM_Gz.jpg,15A00635,10O6335
AQUA2__checkout_2020-10-28-8-38Mtsln3KIhA.jpg,29A77998,EE477948
AQUA5_12433_checkin_2020-10-28-19-597uRMamXP7N.jpg,89A12433,89A124331
AQUA4_34588_checkout_2020-10-25-14-52vT5KZlMYB0.jpg,30A34588,30A3588
AQUA7_null_checkout_2020-10-19-10-3npZ7kbHMSM.jpg,89A20061,39A20061
AQUA7_09132_checkin_2020-10-24-9-49mnhyyjGDAv.jpg,30G09132,06O9132
AQUA7_61035_checkin_2020-10-27-11-23xTo1RwMWfV.jpg,30E61035,80J81035
AQUA4_02343_checkin_2020-10-29-10-2FJinSQHIDo.jpg,29A02343,29O2343
AQUA2_52911_checkin_2020-10-25-8-52w2paLJIm01.jpg,51G52911,516529141
AQUA5_null_checkoutex_2020-10-19-10-20qZNPpLCxRn.jpg,30M4253,30M14253
AQUA5_4253_checkin_2020-10-23-9-182FEIOdbSmp.jpg,30M4253,30I4253
AQUA5_32867_checkin_2020-10-29-9-23dnUpMehRiE.jpg,30A32867,3UA32867
AQUA2_32665_checkin_2020-10-26-10-5J1mk7OxRh3.jpg,30F32665,24P32665
AQUA5_4253_checkin_2020-10-27-15-14sjusHgPAha.jpg,30M4253,30N4253
AQUA5_4253_checkoutex_2020-10-23-9-23POco12QSux.jpg,30M4253,30N14253
AQUA2_12497_checkin_2020-10-25-8-53G_ahnwH1Kx.jpg,99A12497,99H12497
AQUA7_46294_checkin_2020-10-24-11-16SzHPPHe0FM.jpg,29A46294,29I46294
AQUA4_03523_checkin_2020-10-25-15-28E_twfjXWt9.jpg,30F03523,1035
AQUA2_52911_checkin_2020-10-25-10-47llGmFsu0g3.jpg,51G52911,61I6529
AQUA4_76791_checkin_2020-10-23-17-2HFiJNNsYuD.jpg,30A76791,BOA7679U
AQUA2__checkout_2020-10-27-10-52CdwGd3BNX0.jpg,30F32643,BQF32643
AQUA7_00275_checkin_2020-11-1-15-292RwA_Vw7xq.jpg,89LD00275,94D00275
AQUA5_null_checkoutex_2020-10-19-10-185ijSdzdnA8.jpg,30M4253,30N14253
AQUA2_37213_checkin_2020-10-26-7-17_Pzecj6tfP.jpg,30G37213,372
AQUA5_22776_checkin_2020-11-1-14-39A9kkW_o00D.jpg,29C22776,29Z2776
AQUA2_08931_checkin_2020-10-26-8-32Eq872WszPJ.jpg,30F08931,D070R931
AQUA2_61086_checkin_2020-10-28-11-40ctxywPcjoU.jpg,30G61086,30G61085
AQUA7_null_checkoutex_2020-10-24-11-2VwqfMV8m9C.jpg,89A07379,89I07379
AQUA5_96308_checkout_2020-10-26-20-364Zp8brrT2l.jpg,30A96308,JUA963408
AQUA7_34A31506_checkin_2020-10-28-17-6oBDBdgP8s3.jpg,34A31506,8IS6
AQUA5_NULL_checkin_2020-10-19-10-12qpoQcRTCPR.jpg,30M4253,30N4253
AQUA7_47662_checkin_2020-10-27-21-23NTUaMUXsV9.jpg,30E47662,ROE47662
AQUA5_23855_checkin_2020-10-29-8-34UVGci7QPzP.jpg,29H23855,29Z38755
AQUA5_4253_checkin_2020-10-23-9-28xxCJ13SUgX.jpg,30M4253,30N14253
AQUA5_09566_checkout_2020-10-22-8-227Pn9SNN1Kp.jpg,29D09566,290095661
AQUA2_07881_checkin_2020-10-28-8-8jw5pZGoF3R.jpg,29D07881,29D207881
AQUA5_09566_checkin_2020-10-22-8-20Cqn61iTgrg.jpg,29D09566,29O09566
AQUA7_70190_checkout_2020-10-31-16-530RaE6m2Gdt.jpg,30A70190,None
AQUA4_21510_checkin_2020-10-28-17-433PdtuFRKj4.jpg,30F21510,3O2450
AQUA4_7584_checkin_2020-10-26-8-38zKRMpny6jG.jpg,52F7584,62F7584
AQUA5_09566_checkout_2020-10-22-8-42Jd5PVgTBfK.jpg,29D09566,29O09566
AQUA7_48270_checkin_2020-10-29-12-53VIbQGygkvP.jpg,29A48170,29A48120
AQUA7_70190_checkout_2020-10-31-16-54d5H7_PkJoE.jpg,30A70190,EOK70190
AQUA7_44039_checkin_2020-10-24-9-54Pd8mmXwMaw.jpg,29A44039,29ALL0
AQUA5_09566_checkout_2020-10-22-8-25RVsWKCHq0S.jpg,29D09566,29O09566
AQUA2_09290_checkin_2020-10-22-10-47kCHb4hd9Qd.jpg,14A09290,44O9290
AQUA7_54093_checkin_2020-10-28-15-53sfnrU1Jmi3.jpg,30E54093,30L54093
AQUA2_44035_checkin_2020-10-29-10-20rjWQpe2qPh.jpg,30A44035,30A4035
AQUA2_29D09566_checkin_2020-11-2-7-23xoVmRhiEQs.jpg,29D09566,29O9566
AQUA7_27838_checkout_2020-10-26-19-55zfYKsMFHAS.jpg,30G27838,80G27838
AQUA4_91866_checkin_2020-11-2-14-489hrWRUbYHM.jpg,30G01966,30G01866
AQUA7_97662_checkin_2020-11-2-17-37AU9BTVtt4r.jpg,30E97662,13OE976162
AQUA2_43755_checkin_2020-11-2-17-28VatYgIGFdm.jpg,30G43755,20375
AQUA5_25885_checkin_2020-10-29-8-21BWos4RevUu.jpg,29A25885,29A5885
AQUA5_4253_checkin_2020-10-19-10-9lEnTQg5OrO.jpg,30M4253,30I4253
AQUA5_15079_checkin_2020-10-31-18-109r4mPmRJS1.jpg,29H15079,150
AQUA2__checkout_2020-10-29-9-58jy7Lae9GYD.jpg,30A58373,KON58373
AQUA7_null_checkoutex_2020-10-24-11-2l6f7w77mB8.jpg,89A07379,89I07379
AQUA2_61153_checkin_2020-11-1-8-33fv6MTLn0w0.jpg,30A61153,50A61153
AQUA4_46189_checkin_2020-10-28-17-40mUq_rbzcEB.jpg,30F46189,ROF26189
AQUA5_09566_checkin_2020-10-22-8-25nQKbA99r6b.jpg,29D09566,29O09566
AQUA7_43441_checkin_2020-10-26-22-41dHr6pPRo56.jpg,14A43441,44L3441
AQUA7_3555_checkin_2020-11-1-14-46Ab1b8Zf0ME.jpg,30Z3555,223555
AQUA2_13497_checkin_2020-11-2-12-50CzIy6nrn1n.jpg,89C13497,8987
AQUA7_17339_checkin_2020-10-27-16-41S6GcWgNXWL.jpg,98A17339,984117339
AQUA2_98366_checkin_2020-10-28-9-1uj4vIRH6Kj.jpg,29A98366,24O98366
AQUA5_07716_checkin_2020-10-26-10-23_Cz0vpxxsa.jpg,29H07716,29H07216
AQUA4_1636_checkin_2020-10-27-14-24kRrU5wwy5z.jpg,38N1636,23N1636
AQUA7_57224_checkin_2020-11-1-12-13urU4m_Tsw4.jpg,29A57224,D957224
AQUA2_32643_checkin_2020-10-27-10-506oldDb2dPw.jpg,30F32643,BQF32643
AQUA4__checkout_2020-10-26-10-2jaRko6AlI7.jpg,89A1096893,89A10993
AQUA5_27580_checkout_2020-10-22-8-119zIO7HhxKM.jpg,30F27580,B0F275180
AQUA5_00635_checkin_2020-10-26-13-32nZs5JzM_Gz.jpg,15A00635,A00635
AQUA2__checkout_2020-10-28-8-38Mtsln3KIhA.jpg,29A77998,E477998
AQUA5_12433_checkin_2020-10-28-19-597uRMamXP7N.jpg,89A12433,894124331
AQUA7_74905_checkin_2020-10-26-8-53GK3BWJjhCN.jpg,30F74905,ROF74905
AQUA7_09132_checkin_2020-10-24-9-49mnhyyjGDAv.jpg,30G09132,80G09132
AQUA7_61035_checkin_2020-10-27-11-23xTo1RwMWfV.jpg,30E61035,061035
AQUA4_02343_checkin_2020-10-29-10-2FJinSQHIDo.jpg,29A02343,29O2343
AQUA2_52911_checkin_2020-10-25-8-52w2paLJIm01.jpg,51G52911,51G62907
AQUA5_null_checkoutex_2020-10-19-10-20qZNPpLCxRn.jpg,30M4253,30N14253
AQUA5_4253_checkin_2020-10-23-9-182FEIOdbSmp.jpg,30M4253,30I4252
AQUA2_32665_checkin_2020-10-26-10-5J1mk7OxRh3.jpg,30F32665,U22665
AQUA5_4253_checkoutex_2020-10-23-9-23POco12QSux.jpg,30M4253,30N14253
AQUA2_12497_checkin_2020-10-25-8-53G_ahnwH1Kx.jpg,99A12497,66H12497
AQUA7_46294_checkin_2020-10-24-11-16SzHPPHe0FM.jpg,29A46294,29A6294
AQUA4_03523_checkin_2020-10-25-15-28E_twfjXWt9.jpg,30F03523,1035
AQUA2_52911_checkin_2020-10-25-10-47llGmFsu0g3.jpg,51G52911,616529M
AQUA2_54827_checkin_2020-10-31-11-36MomsrrHfJ2.jpg,30A54827,30A64827
AQUA4_76791_checkin_2020-10-23-17-2HFiJNNsYuD.jpg,30A76791,30A76790
AQUA7_97571_checkin_2020-10-31-8-14_cKFNdgqbd.jpg,30A97571,30D97571
AQUA7_00275_checkin_2020-11-1-15-292RwA_Vw7xq.jpg,89LD00275,P9LD00275
AQUA5_null_checkoutex_2020-10-19-10-185ijSdzdnA8.jpg,30M4253,30M14253
AQUA2_08931_checkin_2020-10-26-8-32Eq872WszPJ.jpg,30F08931,NQF08931
AQUA2_61086_checkin_2020-10-28-11-40ctxywPcjoU.jpg,30G61086,30G61085
AQUA4_51511_checkin_2020-10-28-9-30LPDv1cttRf.jpg,30G51511,30G51541
AQUA5_96308_checkout_2020-10-26-20-364Zp8brrT2l.jpg,30A96308,30A963008
AQUA7_34A31506_checkin_2020-10-28-17-6oBDBdgP8s3.jpg,34A31506,KI6U6
AQUA5_NULL_checkin_2020-10-19-10-12qpoQcRTCPR.jpg,30M4253,30M14253
AQUA7_66626_checkout_2020-11-1-11-34jVxkpgFhGP.jpg,29C66626,29C66626F
AQUA7_47662_checkin_2020-10-27-21-23NTUaMUXsV9.jpg,30E47662,30F47662
AQUA7_53279_checkin_2020-10-24-9-54rPctikrgb4.jpg,30G53279,30G57279
AQUA5_23855_checkin_2020-10-29-8-34UVGci7QPzP.jpg,29H23855,29Z3835
AQUA5_4253_checkin_2020-10-23-9-28xxCJ13SUgX.jpg,30M4253,30M14253
AQUA2_07881_checkin_2020-10-28-8-8jw5pZGoF3R.jpg,29D07881,Z9DE07881
AQUA7_70190_checkout_2020-10-31-16-530RaE6m2Gdt.jpg,30A70190,200190
AQUA4_21510_checkin_2020-10-28-17-433PdtuFRKj4.jpg,30F21510,BOU50
AQUA4_7584_checkin_2020-10-26-8-38zKRMpny6jG.jpg,52F7584,62F7584
AQUA5_09566_checkout_2020-10-22-8-42Jd5PVgTBfK.jpg,29D09566,29I09566
AQUA7_48270_checkin_2020-10-29-12-53VIbQGygkvP.jpg,29A48170,29A28170
AQUA4_46189_checkin_2020-10-26-17-13vAzvOY2T9y.jpg,30F46189,ROF46L89
AQUA7_70190_checkout_2020-10-31-16-54d5H7_PkJoE.jpg,30A70190,EOA70190
AQUA7_44039_checkin_2020-10-24-9-54Pd8mmXwMaw.jpg,29A44039,2944L0
AQUA5_09566_checkout_2020-10-22-8-25RVsWKCHq0S.jpg,29D09566,290109566
AQUA2_09290_checkin_2020-10-22-10-47kCHb4hd9Qd.jpg,14A09290,44D9290
AQUA2_29D09566_checkin_2020-11-2-7-23xoVmRhiEQs.jpg,29D09566,29D9566
AQUA7_27838_checkout_2020-10-26-19-55zfYKsMFHAS.jpg,30G27838,80G27838
AQUA4_91866_checkin_2020-11-2-14-489hrWRUbYHM.jpg,30G01966,30G01866
AQUA2_43755_checkin_2020-11-2-17-28VatYgIGFdm.jpg,30G43755,237E
AQUA5_4253_checkin_2020-10-19-10-9lEnTQg5OrO.jpg,30M4253,304253
AQUA5_15079_checkin_2020-10-31-18-109r4mPmRJS1.jpg,29H15079,160
AQUA2__checkout_2020-10-29-9-58jy7Lae9GYD.jpg,30A58373,30S8373
AQUA5_34241_checkin_2020-11-1-15-41zKpYuMBO6y.jpg,30G34241,30G3421
AQUA2_61153_checkin_2020-11-1-8-33fv6MTLn0w0.jpg,30A61153,304611531
AQUA5_06829_checkin_2020-11-1-11-30NBPXah7teq.jpg,30A06829,30L06829
AQUA4_46189_checkin_2020-10-28-17-40mUq_rbzcEB.jpg,30F46189,ROFL6L89
AQUA5_09566_checkin_2020-10-22-8-25nQKbA99r6b.jpg,29D09566,29D095468
AQUA7_43441_checkin_2020-10-26-22-41dHr6pPRo56.jpg,14A43441,1AL341
AQUA7_3555_checkin_2020-11-1-14-46Ab1b8Zf0ME.jpg,30Z3555,20Z3555
AQUA2_13497_checkin_2020-11-2-12-50CzIy6nrn1n.jpg,89C13497,16
AQUA2_98366_checkin_2020-10-28-9-1uj4vIRH6Kj.jpg,29A98366,79K98366
AQUA5_07716_checkin_2020-10-26-10-23_Cz0vpxxsa.jpg,29H07716,29H07216
AQUA2_97025_checkin_2020-10-26-7-35Qa6PUpYN1P.jpg,30F97025,BOFE97025
AQUA7_57224_checkin_2020-11-1-12-13urU4m_Tsw4.jpg,29A57224,09S7224
AQUA4__checkout_2020-10-26-10-2jaRko6AlI7.jpg,89A1096893,89A10993
AQUA5_46885_checkin_2020-10-26-16-127Ovxf4jOkZ.jpg,30G46885,306466885
AQUA4_07394_checkin_2020-10-26-16-5UF3WXRretJ.jpg,89A07394,94D7394
AQUA5_00635_checkin_2020-10-26-13-32nZs5JzM_Gz.jpg,15A00635,10D6335
AQUA2__checkout_2020-10-28-8-38Mtsln3KIhA.jpg,29A77998,EE477948
AQUA5_12433_checkin_2020-10-28-19-597uRMamXP7N.jpg,89A12433,89A124331
AQUA4_34588_checkout_2020-10-25-14-52vT5KZlMYB0.jpg,30A34588,30A3588
AQUA7_null_checkout_2020-10-19-10-3npZ7kbHMSM.jpg,89A20061,39A20061
AQUA7_09132_checkin_2020-10-24-9-49mnhyyjGDAv.jpg,30G09132,06D9132
AQUA7_61035_checkin_2020-10-27-11-23xTo1RwMWfV.jpg,30E61035,80J81035
AQUA4_02343_checkin_2020-10-29-10-2FJinSQHIDo.jpg,29A02343,29D2343
AQUA2_52911_checkin_2020-10-25-8-52w2paLJIm01.jpg,51G52911,516529141
AQUA5_null_checkoutex_2020-10-19-10-20qZNPpLCxRn.jpg,30M4253,30M14253
AQUA5_4253_checkin_2020-10-23-9-182FEIOdbSmp.jpg,30M4253,30I4253
AQUA2_32665_checkin_2020-10-26-10-5J1mk7OxRh3.jpg,30F32665,40F22665
AQUA5_4253_checkin_2020-10-27-15-14sjusHgPAha.jpg,30M4253,304253
AQUA5_4253_checkoutex_2020-10-23-9-23POco12QSux.jpg,30M4253,30N14252
AQUA2_12497_checkin_2020-10-25-8-53G_ahnwH1Kx.jpg,99A12497,66H12497
AQUA7_46294_checkin_2020-10-24-11-16SzHPPHe0FM.jpg,29A46294,29I46294
AQUA4_03523_checkin_2020-10-25-15-28E_twfjXWt9.jpg,30F03523,30F13523
AQUA2_52911_checkin_2020-10-25-10-47llGmFsu0g3.jpg,51G52911,J6529
AQUA2_54827_checkin_2020-10-31-11-36MomsrrHfJ2.jpg,30A54827,30A64827
AQUA4_76791_checkin_2020-10-23-17-2HFiJNNsYuD.jpg,30A76791,30A7679
AQUA7_97571_checkin_2020-10-31-8-14_cKFNdgqbd.jpg,30A97571,300757
AQUA7_00275_checkin_2020-11-1-15-292RwA_Vw7xq.jpg,89LD00275,P9LD00275
AQUA5_null_checkoutex_2020-10-19-10-185ijSdzdnA8.jpg,30M4253,30M1L4253
AQUA5_76791_checkin_2020-10-23-17-128m4qtaA6av.jpg,30A76791,30A7679
AQUA2_08931_checkin_2020-10-26-8-32Eq872WszPJ.jpg,30F08931,LF
AQUA5_99523_checkin_2020-10-29-13-1622PqmwN1_y.jpg,30F99523,30F9952
AQUA5_31825_checkin_2020-10-25-7-30KQvoyIuTha.jpg,34A31825,44J1825
AQUA2_61086_checkin_2020-10-28-11-40ctxywPcjoU.jpg,30G61086,30G61085
AQUA4_15530_checkin_2020-10-25-14-53LCxcaM2LnX.jpg,89A15530,89A1553
AQUA7_null_checkoutex_2020-10-24-11-2VwqfMV8m9C.jpg,89A07379,89I17379
AQUA5_26583_checkin_2020-11-1-14-47lnmPTO_6Z5.jpg,30A26583,30A2658
AQUA5_96308_checkout_2020-10-26-20-364Zp8brrT2l.jpg,30A96308,30A263408
AQUA7_34A31506_checkin_2020-10-28-17-6oBDBdgP8s3.jpg,34A31506,46
AQUA5_NULL_checkin_2020-10-19-10-12qpoQcRTCPR.jpg,30M4253,304253
AQUA7_66626_checkout_2020-11-1-11-34jVxkpgFhGP.jpg,29C66626,9C6662E
AQUA7_47662_checkin_2020-10-27-21-23NTUaMUXsV9.jpg,30E47662,30F47662
AQUA7_53279_checkin_2020-10-24-9-54rPctikrgb4.jpg,30G53279,30G63279
AQUA5_23855_checkin_2020-10-29-8-34UVGci7QPzP.jpg,29H23855,29Z23835
AQUA5_4253_checkin_2020-10-23-9-28xxCJ13SUgX.jpg,30M4253,30M14253
AQUA5_09566_checkout_2020-10-22-8-227Pn9SNN1Kp.jpg,29D09566,29D0956
AQUA2_07881_checkin_2020-10-28-8-8jw5pZGoF3R.jpg,29D07881,79DE07881
AQUA5_09566_checkin_2020-10-22-8-20Cqn61iTgrg.jpg,29D09566,29D0956
AQUA7_70190_checkout_2020-10-31-16-530RaE6m2Gdt.jpg,30A70190,D0190
AQUA4_21510_checkin_2020-10-28-17-433PdtuFRKj4.jpg,30F21510,32150
AQUA4_7584_checkin_2020-10-26-8-38zKRMpny6jG.jpg,52F7584,52E7584
AQUA5_09566_checkout_2020-10-22-8-42Jd5PVgTBfK.jpg,29D09566,29I09560
AQUA7_48270_checkin_2020-10-29-12-53VIbQGygkvP.jpg,29A48170,29A28170
AQUA4_03523_checkin_2020-10-25-15-21orl_DOEzDm.jpg,30F03523,30F13523
AQUA4_46189_checkin_2020-10-26-17-13vAzvOY2T9y.jpg,30F46189,30F43489
AQUA7_70190_checkout_2020-10-31-16-54d5H7_PkJoE.jpg,30A70190,40A70190
AQUA7_44039_checkin_2020-10-24-9-54Pd8mmXwMaw.jpg,29A44039,29A440
AQUA5_09566_checkout_2020-10-22-8-25RVsWKCHq0S.jpg,29D09566,2900956E
AQUA2_09290_checkin_2020-10-22-10-47kCHb4hd9Qd.jpg,14A09290,44D9290
AQUA7_54093_checkin_2020-10-28-15-53sfnrU1Jmi3.jpg,30E54093,30E5409
AQUA5_31825_checkout_2020-10-25-7-31U_fo1TgaS_.jpg,34A31825,64A31825
AQUA2_29D09566_checkin_2020-11-2-7-23xoVmRhiEQs.jpg,29D09566,29D9566
AQUA4_91866_checkin_2020-11-2-14-489hrWRUbYHM.jpg,30G01966,30G01866
AQUA2_43755_checkin_2020-11-2-17-28VatYgIGFdm.jpg,30G43755,206437
AQUA5_0865_checkin_2020-10-29-13-57o9pUh5imZO.jpg,30Z0865,302086E
AQUA5_4253_checkin_2020-10-19-10-9lEnTQg5OrO.jpg,30M4253,30G4253
AQUA5_15079_checkin_2020-10-31-18-109r4mPmRJS1.jpg,29H15079,29H05079
AQUA2__checkout_2020-10-29-9-58jy7Lae9GYD.jpg,30A58373,30L58373
AQUA7_null_checkoutex_2020-10-24-11-2l6f7w77mB8.jpg,89A07379,89I17379
AQUA2_61153_checkin_2020-11-1-8-33fv6MTLn0w0.jpg,30A61153,30A51153
AQUA5_06829_checkin_2020-11-1-11-30NBPXah7teq.jpg,30A06829,04L0682
AQUA4_46189_checkin_2020-10-28-17-40mUq_rbzcEB.jpg,30F46189,20F43189
AQUA5_09566_checkin_2020-10-22-8-25nQKbA99r6b.jpg,29D09566,29D095466
AQUA7_43441_checkin_2020-10-26-22-41dHr6pPRo56.jpg,14A43441,1A43LA
AQUA7_3555_checkin_2020-11-1-14-46Ab1b8Zf0ME.jpg,30Z3555,20Z3565
AQUA2_13497_checkin_2020-11-2-12-50CzIy6nrn1n.jpg,89C13497,89C43487
AQUA7_17339_checkin_2020-10-27-16-41S6GcWgNXWL.jpg,98A17339,984133
AQUA2_98366_checkin_2020-10-28-9-1uj4vIRH6Kj.jpg,29A98366,2A983166
AQUA5_07716_checkin_2020-10-26-10-23_Cz0vpxxsa.jpg,29H07716,29H07216
AQUA2_97025_checkin_2020-10-26-7-35Qa6PUpYN1P.jpg,30F97025,30E97025
AQUA4_1636_checkin_2020-10-27-14-24kRrU5wwy5z.jpg,38N1636,33N1636
AQUA7_57224_checkin_2020-11-1-12-13urU4m_Tsw4.jpg,29A57224,29S7224
AQUA7_10868_checkin_2020-11-2-9-2uo9Y2WZdRw.jpg,89A10868,8941086E
AQUA5_00590_checkin_2020-10-27-17-33niQveHFuGE.jpg,89D00590,89D069
AQUA4__checkout_2020-10-26-10-2jaRko6AlI7.jpg,89A1096893,89A10993
AQUA5_06932_checkin_2020-10-27-8-55R8HRSqbPPn.jpg,89A06932,89I06932
AQUA5_46885_checkin_2020-10-26-16-127Ovxf4jOkZ.jpg,30G46885,30G468855
AQUA4_07394_checkin_2020-10-26-16-5UF3WXRretJ.jpg,89A07394,39H07394
AQUA5_27580_checkout_2020-10-22-8-119zIO7HhxKM.jpg,30F27580,30F275180
AQUA5_00635_checkin_2020-10-26-13-32nZs5JzM_Gz.jpg,15A00635,100635
AQUA2__checkout_2020-10-28-8-38Mtsln3KIhA.jpg,29A77998,28A77998
AQUA5_12433_checkin_2020-10-28-19-597uRMamXP7N.jpg,89A12433,89A12432
AQUA4_34588_checkout_2020-10-25-14-52vT5KZlMYB0.jpg,30A34588,30F34589
AQUA7_null_checkout_2020-10-19-10-3npZ7kbHMSM.jpg,89A20061,39A2006
AQUA7_41359_checkin_2020-10-28-14-32GaXuBh0Dc2.jpg,30G41359,30G4135
AQUA7_61035_checkin_2020-10-27-11-23xTo1RwMWfV.jpg,30E61035,30E61039
AQUA4_02343_checkin_2020-10-29-10-2FJinSQHIDo.jpg,29A02343,29D2343
AQUA2_52911_checkin_2020-10-25-8-52w2paLJIm01.jpg,51G52911,51G52914
AQUA5_null_checkoutex_2020-10-19-10-20qZNPpLCxRn.jpg,30M4253,30M14253
AQUA5_4253_checkin_2020-10-23-9-182FEIOdbSmp.jpg,30M4253,30I4253
AQUA5_32867_checkin_2020-10-29-9-23dnUpMehRiE.jpg,30A32867,50A32867
AQUA2_32665_checkin_2020-10-26-10-5J1mk7OxRh3.jpg,30F32665,RU22665
AQUA5_4253_checkoutex_2020-10-23-9-23POco12QSux.jpg,30M4253,30N14253
AQUA2_12497_checkin_2020-10-25-8-53G_ahnwH1Kx.jpg,99A12497,66H12497
AQUA4_03523_checkin_2020-10-25-15-28E_twfjXWt9.jpg,30F03523,1035
AQUA2_52911_checkin_2020-10-25-10-47llGmFsu0g3.jpg,51G52911,616529
AQUA4_76791_checkin_2020-10-23-17-2HFiJNNsYuD.jpg,30A76791,30A76790
AQUA7_00275_checkin_2020-11-1-15-292RwA_Vw7xq.jpg,89LD00275,P9LD00275
AQUA5_null_checkoutex_2020-10-19-10-185ijSdzdnA8.jpg,30M4253,30M14253
AQUA2_08931_checkin_2020-10-26-8-32Eq872WszPJ.jpg,30F08931,00F08931
AQUA2_61086_checkin_2020-10-28-11-40ctxywPcjoU.jpg,30G61086,30G61085
AQUA4_51511_checkin_2020-10-28-9-30LPDv1cttRf.jpg,30G51511,306541511
AQUA5_26583_checkin_2020-11-1-14-47lnmPTO_6Z5.jpg,30A26583,30A2658
AQUA5_96308_checkout_2020-10-26-20-364Zp8brrT2l.jpg,30A96308,30A963408
AQUA7_34A31506_checkin_2020-10-28-17-6oBDBdgP8s3.jpg,34A31506,75U6
AQUA5_NULL_checkin_2020-10-19-10-12qpoQcRTCPR.jpg,30M4253,30M14253
AQUA7_47662_checkin_2020-10-27-21-23NTUaMUXsV9.jpg,30E47662,ROE47662
AQUA4_10993_checkin_2020-10-26-9-59Q9SC1vK434.jpg,89A10993,94I0993
AQUA5_23855_checkin_2020-10-29-8-34UVGci7QPzP.jpg,29H23855,29Z3835
AQUA5_4253_checkin_2020-10-23-9-28xxCJ13SUgX.jpg,30M4253,30M14253
AQUA2_07881_checkin_2020-10-28-8-8jw5pZGoF3R.jpg,29D07881,29DE07881
AQUA7_70190_checkout_2020-10-31-16-530RaE6m2Gdt.jpg,30A70190,LN0190
AQUA4_21510_checkin_2020-10-28-17-433PdtuFRKj4.jpg,30F21510,RO2U50
AQUA4_7584_checkin_2020-10-26-8-38zKRMpny6jG.jpg,52F7584,62F7584
AQUA5_09566_checkout_2020-10-22-8-42Jd5PVgTBfK.jpg,29D09566,291095667
AQUA7_48270_checkin_2020-10-29-12-53VIbQGygkvP.jpg,29A48170,29817
AQUA4_03523_checkin_2020-10-25-15-21orl_DOEzDm.jpg,30F03523,30F035231
AQUA4_46189_checkin_2020-10-26-17-13vAzvOY2T9y.jpg,30F46189,30F43489
AQUA7_70190_checkout_2020-10-31-16-54d5H7_PkJoE.jpg,30A70190,RAK7O190
AQUA7_44039_checkin_2020-10-24-9-54Pd8mmXwMaw.jpg,29A44039,29AL4O
AQUA2_09290_checkin_2020-10-22-10-47kCHb4hd9Qd.jpg,14A09290,44D9290
AQUA2_29D09566_checkin_2020-11-2-7-23xoVmRhiEQs.jpg,29D09566,29D95661
AQUA7_27838_checkout_2020-10-26-19-55zfYKsMFHAS.jpg,30G27838,80G27838
AQUA4_91866_checkin_2020-11-2-14-489hrWRUbYHM.jpg,30G01966,30G01866
AQUA7_97662_checkin_2020-11-2-17-37AU9BTVtt4r.jpg,30E97662,B3OE976162
AQUA2_43755_checkin_2020-11-2-17-28VatYgIGFdm.jpg,30G43755,20437
AQUA5_25885_checkin_2020-10-29-8-21BWos4RevUu.jpg,29A25885,29Z25885
AQUA5_15079_checkin_2020-10-31-18-109r4mPmRJS1.jpg,29H15079,29H16079
AQUA2__checkout_2020-10-29-9-58jy7Lae9GYD.jpg,30A58373,30N68373
AQUA2_61153_checkin_2020-11-1-8-33fv6MTLn0w0.jpg,30A61153,304161153
AQUA5_06829_checkin_2020-11-1-11-30NBPXah7teq.jpg,30A06829,30D6829
AQUA4_46189_checkin_2020-10-28-17-40mUq_rbzcEB.jpg,30F46189,ROFLB89
AQUA5_09566_checkin_2020-10-22-8-25nQKbA99r6b.jpg,29D09566,29D09568
AQUA7_3555_checkin_2020-11-1-14-46Ab1b8Zf0ME.jpg,30Z3555,2073555
AQUA7_17339_checkin_2020-10-27-16-41S6GcWgNXWL.jpg,98A17339,984117339
AQUA2_98366_checkin_2020-10-28-9-1uj4vIRH6Kj.jpg,29A98366,24D98366
AQUA5_07716_checkin_2020-10-26-10-23_Cz0vpxxsa.jpg,29H07716,29H07216
AQUA2_97025_checkin_2020-10-26-7-35Qa6PUpYN1P.jpg,30F97025,30E97025
AQUA7_57224_checkin_2020-11-1-12-13urU4m_Tsw4.jpg,29A57224,09I5722
AQUA4__checkout_2020-10-26-10-2jaRko6AlI7.jpg,89A1096893,94I0993
AQUA5_46885_checkin_2020-10-26-16-127Ovxf4jOkZ.jpg,30G46885,3064668855
AQUA4_07394_checkin_2020-10-26-16-5UF3WXRretJ.jpg,89A07394,89F07394
AQUA5_00635_checkin_2020-10-26-13-32nZs5JzM_Gz.jpg,15A00635,10D6335
AQUA2__checkout_2020-10-28-8-38Mtsln3KIhA.jpg,29A77998,EE477998
AQUA4_34588_checkout_2020-10-25-14-52vT5KZlMYB0.jpg,30A34588,30A3589
AQUA7_null_checkout_2020-10-19-10-3npZ7kbHMSM.jpg,89A20061,39A2006
AQUA7_09132_checkin_2020-10-24-9-49mnhyyjGDAv.jpg,30G09132,80G09132
AQUA4_02343_checkin_2020-10-29-10-2FJinSQHIDo.jpg,29A02343,29D2343
AQUA2_52911_checkin_2020-10-25-8-52w2paLJIm01.jpg,51G52911,61G52914
AQUA5_null_checkoutex_2020-10-19-10-20qZNPpLCxRn.jpg,30M4253,30M14263
AQUA5_4253_checkin_2020-10-23-9-182FEIOdbSmp.jpg,30M4253,30I4253
AQUA2_33254_checkoutex_2020-11-2-14-47UtID3dgTEI.jpg,30G31553,30G31513
AQUA2_32665_checkin_2020-10-26-10-5J1mk7OxRh3.jpg,30F32665,DN22665
AQUA5_4253_checkoutex_2020-10-23-9-23POco12QSux.jpg,30M4253,30M162531
AQUA2_12497_checkin_2020-10-25-8-53G_ahnwH1Kx.jpg,99A12497,99H112497
AQUA4_03523_checkin_2020-10-25-15-28E_twfjXWt9.jpg,30F03523,30F103523
AQUA2_52911_checkin_2020-10-25-10-47llGmFsu0g3.jpg,51G52911,610521
AQUA2__checkout_2020-10-27-10-52CdwGd3BNX0.jpg,30F32643,80F32673
AQUA7_00275_checkin_2020-11-1-15-292RwA_Vw7xq.jpg,89LD00275,94D00275
AQUA2_60432_checkin_2020-10-31-15-17nTBPt1gx5T.jpg,29A60432,29A660432
AQUA2_37213_checkin_2020-10-26-7-17_Pzecj6tfP.jpg,30G37213,306137213
AQUA2_08931_checkin_2020-10-26-8-32Eq872WszPJ.jpg,30F08931,QNFNRE31
AQUA5_31825_checkin_2020-10-25-7-30KQvoyIuTha.jpg,34A31825,44J1825
AQUA1_46294_checkin_2020-10-23-10-18fmUaDsXxvM.jpg,29A46294,29I46294
AQUA2_61086_checkin_2020-10-28-11-40ctxywPcjoU.jpg,30G61086,30G61085
AQUA5_26583_checkin_2020-11-1-14-47lnmPTO_6Z5.jpg,30A26583,20I26583
AQUA5_96308_checkout_2020-10-26-20-364Zp8brrT2l.jpg,30A96308,ZUA963108
AQUA7_34A31506_checkin_2020-10-28-17-6oBDBdgP8s3.jpg,34A31506,RIBON
AQUA5_NULL_checkin_2020-10-19-10-12qpoQcRTCPR.jpg,30M4253,30I4253
AQUA7_47662_checkin_2020-10-27-21-23NTUaMUXsV9.jpg,30E47662,3OEL776162
AQUA7_53279_checkin_2020-10-24-9-54rPctikrgb4.jpg,30G53279,30G57279
AQUA5_23855_checkin_2020-10-29-8-34UVGci7QPzP.jpg,29H23855,29Z3835
AQUA5_4253_checkin_2020-10-23-9-28xxCJ13SUgX.jpg,30M4253,30I14253
AQUA5_09566_checkout_2020-10-22-8-227Pn9SNN1Kp.jpg,29D09566,290095166
AQUA2_07881_checkin_2020-10-28-8-8jw5pZGoF3R.jpg,29D07881,FGD7078811
AQUA7_70190_checkout_2020-10-31-16-530RaE6m2Gdt.jpg,30A70190,LOTJUIY
AQUA4_21510_checkin_2020-10-28-17-433PdtuFRKj4.jpg,30F21510,3O2510
AQUA4_7584_checkin_2020-10-26-8-38zKRMpny6jG.jpg,52F7584,62E7584
AQUA4_03523_checkin_2020-10-25-15-21orl_DOEzDm.jpg,30F03523,30F03623
AQUA4_46189_checkin_2020-10-26-17-13vAzvOY2T9y.jpg,30F46189,30F461189
AQUA7_70190_checkout_2020-10-31-16-54d5H7_PkJoE.jpg,30A70190,CQA70190
AQUA7_44039_checkin_2020-10-24-9-54Pd8mmXwMaw.jpg,29A44039,9KLLO
AQUA5_09566_checkout_2020-10-22-8-25RVsWKCHq0S.jpg,29D09566,290095166
AQUA2_09290_checkin_2020-10-22-10-47kCHb4hd9Qd.jpg,14A09290,4H09290
AQUA7_54093_checkin_2020-10-28-15-53sfnrU1Jmi3.jpg,30E54093,20E66093
AQUA2_44035_checkin_2020-10-29-10-20rjWQpe2qPh.jpg,30A44035,30I44035
AQUA7_27838_checkout_2020-10-26-19-55zfYKsMFHAS.jpg,30G27838,80G27838
AQUA4_91866_checkin_2020-11-2-14-489hrWRUbYHM.jpg,30G01966,306101866
AQUA2_43755_checkin_2020-11-2-17-28VatYgIGFdm.jpg,30G43755,80G43755
AQUA5_25885_checkin_2020-10-29-8-21BWos4RevUu.jpg,29A25885,729425885
AQUA5_4253_checkin_2020-10-19-10-9lEnTQg5OrO.jpg,30M4253,30N42531
AQUA5_96805_checkin_2020-11-2-17-6_bDgaLQdmq.jpg,30A96805,30A196805
AQUA5_15079_checkin_2020-10-31-18-109r4mPmRJS1.jpg,29H15079,29H116079
AQUA2__checkout_2020-10-29-9-58jy7Lae9GYD.jpg,30A58373,04S8373
AQUA5_34241_checkin_2020-11-1-15-41zKpYuMBO6y.jpg,30G34241,306362H1
AQUA2_61153_checkin_2020-11-1-8-33fv6MTLn0w0.jpg,30A61153,3UA661153
AQUA5_09566_checkin_2020-10-22-8-25nQKbA99r6b.jpg,29D09566,29D095166
AQUA7_43441_checkin_2020-10-26-22-41dHr6pPRo56.jpg,14A43441,14A3441
AQUA5_11039_checkin_2020-10-31-11-31bvY9wuZodR.jpg,89A11039,89A41039
AQUA7_3555_checkin_2020-11-1-14-46Ab1b8Zf0ME.jpg,30Z3555,3073555
AQUA1_40304_checkin_2020-10-25-12-277bdC7U4qUk.jpg,30G40304,30G40300
AQUA7_17339_checkin_2020-10-27-16-41S6GcWgNXWL.jpg,98A17339,98A7339
AQUA5_07716_checkin_2020-10-26-10-23_Cz0vpxxsa.jpg,29H07716,29H07216
AQUA2_97025_checkin_2020-10-26-7-35Qa6PUpYN1P.jpg,30F97025,3F97025
AQUA7_57224_checkin_2020-11-1-12-13urU4m_Tsw4.jpg,29A57224,29S5722
AQUA2_32643_checkin_2020-10-27-10-506oldDb2dPw.jpg,30F32643,80F32673
AQUA4__checkout_2020-10-26-10-2jaRko6AlI7.jpg,89A1096893,89A10993
AQUA5_06932_checkin_2020-10-27-8-55R8HRSqbPPn.jpg,89A06932,891065932
AQUA7_54201_checkin_2020-10-30-12-5hUfSOCqk7P.jpg,30G54201,JUB542DIE
AQUA5_46885_checkin_2020-10-26-16-127Ovxf4jOkZ.jpg,30G46885,30G46895
AQUA5_00635_checkin_2020-10-26-13-32nZs5JzM_Gz.jpg,15A00635,400635
AQUA2__checkout_2020-10-28-8-38Mtsln3KIhA.jpg,29A77998,977998
AQUA2_99127_checkin_2020-11-1-12-25WMTe5Xz8Z7.jpg,30E99127,30E5199127
AQUA5_12433_checkin_2020-10-28-19-597uRMamXP7N.jpg,89A12433,09A12433
AQUA4_34588_checkout_2020-10-25-14-52vT5KZlMYB0.jpg,30A34588,30A34589
AQUA4_6767_checkin_2020-10-31-17-23M_8qb1K8Ow.jpg,29V6767,29I6767
AQUA7_41359_checkin_2020-10-28-14-32GaXuBh0Dc2.jpg,30G41359,306141359
AQUA7_74905_checkin_2020-10-26-8-53GK3BWJjhCN.jpg,30F74905,50F74905
AQUA5_31658_checkin_2020-10-28-13-5CTYB5n9_3p.jpg,29H31658,29H131658
AQUA2_52911_checkin_2020-10-25-8-52w2paLJIm01.jpg,51G52911,S16
AQUA5_null_checkoutex_2020-10-19-10-20qZNPpLCxRn.jpg,30M4253,30M14253
AQUA5_4253_checkin_2020-10-23-9-182FEIOdbSmp.jpg,30M4253,30M14253
AQUA2_0009_checkoutex_2020-11-2-7-28oqoVqSb5nt.jpg,56S0009,66S0009
AQUA2_33254_checkoutex_2020-11-2-14-47UtID3dgTEI.jpg,30G31553,30G31153
AQUA2_32665_checkin_2020-10-26-10-5J1mk7OxRh3.jpg,30F32665,RF22865
AQUA5_4253_checkin_2020-10-27-15-14sjusHgPAha.jpg,30M4253,50N4253
AQUA5_4253_checkoutex_2020-10-23-9-23POco12QSux.jpg,30M4253,30N14263
AQUA2_12497_checkin_2020-10-25-8-53G_ahnwH1Kx.jpg,99A12497,799412497
AQUA7_46294_checkin_2020-10-24-11-16SzHPPHe0FM.jpg,29A46294,29A6294
AQUA4_03523_checkin_2020-10-25-15-28E_twfjXWt9.jpg,30F03523,03523
AQUA2_52911_checkin_2020-10-25-10-47llGmFsu0g3.jpg,51G52911,51G52901
AQUA7_10841_checkin_2020-10-22-8-21Qq4n3OsUfS.jpg,89A10341,83A10341
AQUA4_76791_checkin_2020-10-23-17-2HFiJNNsYuD.jpg,30A76791,876790
AQUA7_97974_checkin_2020-10-31-22-7Z6G0B5MPnd.jpg,30E97974,U97974
AQUA2__checkout_2020-10-27-10-52CdwGd3BNX0.jpg,30F32643,30J2643
AQUA7_97571_checkin_2020-10-31-8-14_cKFNdgqbd.jpg,30A97571,97841
AQUA7_00275_checkin_2020-11-1-15-292RwA_Vw7xq.jpg,89LD00275,09D00275
AQUA2_60432_checkin_2020-10-31-15-17nTBPt1gx5T.jpg,29A60432,45A60432
AQUA2_5204_checkin_2020-10-23-9-535vmzlbdXHc.jpg,30F5204,30R6204
AQUA2_08931_checkin_2020-10-26-8-32Eq872WszPJ.jpg,30F08931,2J331
AQUA5_99523_checkin_2020-10-29-13-1622PqmwN1_y.jpg,30F99523,BOE
AQUA7_09586_checkout_2020-10-22-8-21Kn_D98FCUN.jpg,29A09586,29D9586
AQUA1_46564_checkin_2020-10-26-8-6Bx7lUNRXBR.jpg,30F46564,30LF46564
AQUA2_61086_checkin_2020-10-28-11-40ctxywPcjoU.jpg,30G61086,30G61085
AQUA4_51511_checkin_2020-10-28-9-30LPDv1cttRf.jpg,30G51511,53Q
AQUA7_null_checkoutex_2020-10-24-11-2VwqfMV8m9C.jpg,89A07379,68A07379
AQUA5_26583_checkin_2020-11-1-14-47lnmPTO_6Z5.jpg,30A26583,30A2658
AQUA5_96308_checkout_2020-10-26-20-364Zp8brrT2l.jpg,30A96308,JUA53P8
AQUA7_34A31506_checkin_2020-10-28-17-6oBDBdgP8s3.jpg,34A31506,316F
AQUA5_NULL_checkin_2020-10-19-10-12qpoQcRTCPR.jpg,30M4253,3M4253
AQUA7_15606_checkin_2020-10-29-13-16D8NvpVDY6Z.jpg,29H15606,29H5606
AQUA7_81839_checkin_2020-10-27-9-19wQC4yMLDcC.jpg,29C81839,29D81839
AQUA7_66626_checkout_2020-11-1-11-34jVxkpgFhGP.jpg,29C66626,ZG6B32
AQUA7_47662_checkin_2020-10-27-21-23NTUaMUXsV9.jpg,30E47662,476762
AQUA7_53279_checkin_2020-10-24-9-54rPctikrgb4.jpg,30G53279,306153279
AQUA4_10993_checkin_2020-10-26-9-59Q9SC1vK434.jpg,89A10993,39A10993
AQUA5_23855_checkin_2020-10-29-8-34UVGci7QPzP.jpg,29H23855,79N238755
AQUA2_07881_checkin_2020-10-28-8-8jw5pZGoF3R.jpg,29D07881,Z9D
AQUA7_70190_checkout_2020-10-31-16-530RaE6m2Gdt.jpg,30A70190,1I1
AQUA4_21510_checkin_2020-10-28-17-433PdtuFRKj4.jpg,30F21510,3F21510
AQUA4_7584_checkin_2020-10-26-8-38zKRMpny6jG.jpg,52F7584,62S7584
AQUA7_02141_checkin_2020-10-27-7-44kyYwGOoCay.jpg,30E02141,50Z02141
AQUA5_09566_checkout_2020-10-22-8-42Jd5PVgTBfK.jpg,29D09566,29D9566
AQUA7_48270_checkin_2020-10-29-12-53VIbQGygkvP.jpg,29A48170,22A72810
AQUA4_03523_checkin_2020-10-25-15-21orl_DOEzDm.jpg,30F03523,53D3523
AQUA7_70190_checkout_2020-10-31-16-54d5H7_PkJoE.jpg,30A70190,C170190
AQUA7_44039_checkin_2020-10-24-9-54Pd8mmXwMaw.jpg,29A44039,29B44039
AQUA5_09566_checkout_2020-10-22-8-25RVsWKCHq0S.jpg,29D09566,29D09568
AQUA2_09290_checkin_2020-10-22-10-47kCHb4hd9Qd.jpg,14A09290,47F09290
AQUA7_54093_checkin_2020-10-28-15-53sfnrU1Jmi3.jpg,30E54093,54093
AQUA4_26449_checkin_2020-11-1-10-19uZmFUOdSFa.jpg,30F26449,301F26449
AQUA5_31825_checkout_2020-10-25-7-31U_fo1TgaS_.jpg,34A31825,ERY34431825
AQUA2_44035_checkin_2020-10-29-10-20rjWQpe2qPh.jpg,30A44035,344035
AQUA2_29D09566_checkin_2020-11-2-7-23xoVmRhiEQs.jpg,29D09566,29D9566
AQUA7_27838_checkout_2020-10-26-19-55zfYKsMFHAS.jpg,30G27838,30G27836
AQUA4_91866_checkin_2020-11-2-14-489hrWRUbYHM.jpg,30G01966,30G01866
AQUA7_97662_checkin_2020-11-2-17-37AU9BTVtt4r.jpg,30E97662,3E9562
AQUA4__checkout_2020-10-25-15-378hht5OpWtJ.jpg,30F49056,30FF49056
AQUA2_43755_checkin_2020-11-2-17-28VatYgIGFdm.jpg,30G43755,20G2372
AQUA5_25885_checkin_2020-10-29-8-21BWos4RevUu.jpg,29A25885,79A25885
AQUA5_0865_checkin_2020-10-29-13-57o9pUh5imZO.jpg,30Z0865,300865
AQUA5_27580_checkin_2020-10-22-8-13xuVBC6AAb2.jpg,30F27580,30F2758
AQUA5_4253_checkin_2020-10-19-10-9lEnTQg5OrO.jpg,30M4253,30N4253
AQUA5_96805_checkin_2020-11-2-17-6_bDgaLQdmq.jpg,30A96805,SUAI96805
AQUA5_15079_checkin_2020-10-31-18-109r4mPmRJS1.jpg,29H15079,29H115079
AQUA4__checkout_2020-10-25-15-50PvyOLZSkVX.jpg,89A07758,02922
AQUA2__checkout_2020-10-29-9-58jy7Lae9GYD.jpg,30A58373,60S8373
AQUA5_34241_checkin_2020-11-1-15-41zKpYuMBO6y.jpg,30G34241,80G34241
AQUA7_null_checkoutex_2020-10-24-11-2l6f7w77mB8.jpg,89A07379,68A07379
AQUA5_40433_checkin_2020-10-28-9-22mUQcrl4Wbf.jpg,29H40433,9H433
AQUA2_61153_checkin_2020-11-1-8-33fv6MTLn0w0.jpg,30A61153,51D61153
AQUA5_06829_checkin_2020-11-1-11-30NBPXah7teq.jpg,30A06829,30D6829
AQUA4_46189_checkin_2020-10-28-17-40mUq_rbzcEB.jpg,30F46189,20F46186
AQUA7_78286_checkoutex_2020-10-24-7-37tRlW2XQs2f.jpg,30F78286,JUUR78286
AQUA5_09566_checkin_2020-10-22-8-25nQKbA99r6b.jpg,29D09566,29D09568
AQUA7_43441_checkin_2020-10-26-22-41dHr6pPRo56.jpg,14A43441,143LZ
AQUA2__checkout_2020-10-31-8-92oNzqbDZFh.jpg,30A26144,50A26144
AQUA5_11039_checkin_2020-10-31-11-31bvY9wuZodR.jpg,89A11039,89A411039
AQUA7_3555_checkin_2020-11-1-14-46Ab1b8Zf0ME.jpg,30Z3555,2573655
AQUA2_13497_checkin_2020-11-2-12-50CzIy6nrn1n.jpg,89C13497,89I3097
AQUA7_30A79209_checkin_2020-10-26-13-18eCBFj3goyM.jpg,30A79209,50A79209
AQUA4_56695_checkin_2020-11-1-13-57nEVXm5NbaP.jpg,30G56695,50G56695
AQUA7_17339_checkin_2020-10-27-16-41S6GcWgNXWL.jpg,98A17339,I85
AQUA2_98366_checkin_2020-10-28-9-1uj4vIRH6Kj.jpg,29A98366,04L98365
AQUA5_07716_checkin_2020-10-26-10-23_Cz0vpxxsa.jpg,29H07716,0Z916
AQUA2_97025_checkin_2020-10-26-7-35Qa6PUpYN1P.jpg,30F97025,20F97025
AQUA7_25697_checkin_2020-11-1-7-41An2Wjf1ej2.jpg,30F25697,25697
AQUA4_1636_checkin_2020-10-27-14-24kRrU5wwy5z.jpg,38N1636,38N16336
AQUA7_57224_checkin_2020-11-1-12-13urU4m_Tsw4.jpg,29A57224,2YA57220
AQUA2_19663_checkin_2020-10-31-7-48mDa65yh3hU.jpg,30G19663,80G19663
AQUA2_32643_checkin_2020-10-27-10-506oldDb2dPw.jpg,30F32643,30J2643
AQUA4__checkout_2020-10-26-10-2jaRko6AlI7.jpg,89A1096893,39A10993
AQUA5_06932_checkin_2020-10-27-8-55R8HRSqbPPn.jpg,89A06932,89D6932
AQUA7_54201_checkin_2020-10-30-12-5hUfSOCqk7P.jpg,30G54201,30G56201
AQUA4_07394_checkin_2020-10-26-16-5UF3WXRretJ.jpg,89A07394,07395
AEONTP_6S81U5_checkin_2020-1-13-16-18bx9UOV6rY5.jpg,53S8195,63S8195
AQUA5_27580_checkout_2020-10-22-8-119zIO7HhxKM.jpg,30F27580,327580
AQUA2_5204_checkout_2020-10-23-9-461hL90sRDAi.jpg,30F5204,3U5204
AQUA5_00635_checkin_2020-10-26-13-32nZs5JzM_Gz.jpg,15A00635,14D0635
AQUA2__checkout_2020-10-28-8-38Mtsln3KIhA.jpg,29A77998,5S77998
AQUA2_99127_checkin_2020-11-1-12-25WMTe5Xz8Z7.jpg,30E99127,S199127
AQUA5_12433_checkin_2020-10-28-19-597uRMamXP7N.jpg,89A12433,OVR12433
AQUA7_30F 88013_checkoutex_2020-10-22-8-38Pg12Tutog1.jpg,30F88013,50R88013
AQUA7_null_checkout_2020-10-19-10-3npZ7kbHMSM.jpg,89A20061,89A2006
AQUA4_6767_checkin_2020-10-31-17-23M_8qb1K8Ow.jpg,29V6767,296767
AQUA5_13974_checkin_2020-11-1-11-34p0D6TfYwbG.jpg,34A13974,RLA197W
AQUA7_41359_checkin_2020-10-28-14-32GaXuBh0Dc2.jpg,30G41359,34IDBE
AQUA7_74905_checkin_2020-10-26-8-53GK3BWJjhCN.jpg,30F74905,274905
AQUA7_09132_checkin_2020-10-24-9-49mnhyyjGDAv.jpg,30G09132,80G09132
AQUA4_02343_checkin_2020-10-29-10-2FJinSQHIDo.jpg,29A02343,29D2343
AQUA2_8657_checkin_2020-11-1-12-24ve9yI4wq2J.jpg,30Z8657,30Z3657
AQUA2_52911_checkin_2020-10-25-8-52w2paLJIm01.jpg,51G52911,61G52910
AQUA5_04369_checkin_2020-10-27-7-11Ar98JAiKgq.jpg,89A04369,8YA04369
AQUA5_null_checkoutex_2020-10-19-10-20qZNPpLCxRn.jpg,30M4253,304253
AQUA2_32726_checkin_2020-10-25-8-47kkdn1a6eHe.jpg,19A32726,32726
AQUA5_4253_checkin_2020-10-23-9-182FEIOdbSmp.jpg,30M4253,30I4253
AQUA5_32867_checkin_2020-10-29-9-23dnUpMehRiE.jpg,30A32867,50A32867
AQUA2_32665_checkin_2020-10-26-10-5J1mk7OxRh3.jpg,30F32665,RU22665
AQUA5_4253_checkoutex_2020-10-23-9-23POco12QSux.jpg,30M4253,30N14253
AQUA2_12497_checkin_2020-10-25-8-53G_ahnwH1Kx.jpg,99A12497,66H12497
AQUA4_03523_checkin_2020-10-25-15-28E_twfjXWt9.jpg,30F03523,1035
AQUA2_52911_checkin_2020-10-25-10-47llGmFsu0g3.jpg,51G52911,616529
AQUA4_76791_checkin_2020-10-23-17-2HFiJNNsYuD.jpg,30A76791,30A76790
AQUA7_00275_checkin_2020-11-1-15-292RwA_Vw7xq.jpg,89LD00275,P9LD00275
AQUA5_null_checkoutex_2020-10-19-10-185ijSdzdnA8.jpg,30M4253,30M14253
AQUA2_08931_checkin_2020-10-26-8-32Eq872WszPJ.jpg,30F08931,00F08931
AQUA2_61086_checkin_2020-10-28-11-40ctxywPcjoU.jpg,30G61086,30G61085
AQUA4_51511_checkin_2020-10-28-9-30LPDv1cttRf.jpg,30G51511,306541511
AQUA5_26583_checkin_2020-11-1-14-47lnmPTO_6Z5.jpg,30A26583,30A2658
AQUA5_96308_checkout_2020-10-26-20-364Zp8brrT2l.jpg,30A96308,30A963408
AQUA7_34A31506_checkin_2020-10-28-17-6oBDBdgP8s3.jpg,34A31506,75U6
AQUA5_NULL_checkin_2020-10-19-10-12qpoQcRTCPR.jpg,30M4253,30M14253
AQUA7_47662_checkin_2020-10-27-21-23NTUaMUXsV9.jpg,30E47662,ROE47662
AQUA4_10993_checkin_2020-10-26-9-59Q9SC1vK434.jpg,89A10993,94I0993
AQUA5_23855_checkin_2020-10-29-8-34UVGci7QPzP.jpg,29H23855,29Z3835
AQUA5_4253_checkin_2020-10-23-9-28xxCJ13SUgX.jpg,30M4253,30M14253
AQUA2_07881_checkin_2020-10-28-8-8jw5pZGoF3R.jpg,29D07881,29DE07881
AQUA7_70190_checkout_2020-10-31-16-530RaE6m2Gdt.jpg,30A70190,LN0190
AQUA4_21510_checkin_2020-10-28-17-433PdtuFRKj4.jpg,30F21510,RO2U50
AQUA4_7584_checkin_2020-10-26-8-38zKRMpny6jG.jpg,52F7584,62F7584
AQUA5_09566_checkout_2020-10-22-8-42Jd5PVgTBfK.jpg,29D09566,291095667
AQUA7_48270_checkin_2020-10-29-12-53VIbQGygkvP.jpg,29A48170,29817
AQUA4_03523_checkin_2020-10-25-15-21orl_DOEzDm.jpg,30F03523,30F035231
AQUA4_46189_checkin_2020-10-26-17-13vAzvOY2T9y.jpg,30F46189,30F43489
AQUA7_70190_checkout_2020-10-31-16-54d5H7_PkJoE.jpg,30A70190,RAK7O190
AQUA7_44039_checkin_2020-10-24-9-54Pd8mmXwMaw.jpg,29A44039,29AL4O
AQUA2_09290_checkin_2020-10-22-10-47kCHb4hd9Qd.jpg,14A09290,44D9290
AQUA2_29D09566_checkin_2020-11-2-7-23xoVmRhiEQs.jpg,29D09566,29D95661
AQUA7_27838_checkout_2020-10-26-19-55zfYKsMFHAS.jpg,30G27838,80G27838
AQUA4_91866_checkin_2020-11-2-14-489hrWRUbYHM.jpg,30G01966,30G01866
AQUA7_97662_checkin_2020-11-2-17-37AU9BTVtt4r.jpg,30E97662,B3OE976162
AQUA2_43755_checkin_2020-11-2-17-28VatYgIGFdm.jpg,30G43755,20437
AQUA5_25885_checkin_2020-10-29-8-21BWos4RevUu.jpg,29A25885,29Z25885
AQUA5_15079_checkin_2020-10-31-18-109r4mPmRJS1.jpg,29H15079,29H16079
AQUA2__checkout_2020-10-29-9-58jy7Lae9GYD.jpg,30A58373,30N68373
AQUA2_61153_checkin_2020-11-1-8-33fv6MTLn0w0.jpg,30A61153,304161153
AQUA5_06829_checkin_2020-11-1-11-30NBPXah7teq.jpg,30A06829,30D6829
AQUA4_46189_checkin_2020-10-28-17-40mUq_rbzcEB.jpg,30F46189,ROFLB89
AQUA5_09566_checkin_2020-10-22-8-25nQKbA99r6b.jpg,29D09566,29D09568
AQUA7_3555_checkin_2020-11-1-14-46Ab1b8Zf0ME.jpg,30Z3555,2073555
AQUA7_17339_checkin_2020-10-27-16-41S6GcWgNXWL.jpg,98A17339,984117339
AQUA2_98366_checkin_2020-10-28-9-1uj4vIRH6Kj.jpg,29A98366,24D98366
AQUA5_07716_checkin_2020-10-26-10-23_Cz0vpxxsa.jpg,29H07716,29H07216
AQUA2_97025_checkin_2020-10-26-7-35Qa6PUpYN1P.jpg,30F97025,30E97025
AQUA7_57224_checkin_2020-11-1-12-13urU4m_Tsw4.jpg,29A57224,09I5722
AQUA4__checkout_2020-10-26-10-2jaRko6AlI7.jpg,89A1096893,94I0993
AQUA5_46885_checkin_2020-10-26-16-127Ovxf4jOkZ.jpg,30G46885,3064668855
AQUA4_07394_checkin_2020-10-26-16-5UF3WXRretJ.jpg,89A07394,89F07394
AQUA5_00635_checkin_2020-10-26-13-32nZs5JzM_Gz.jpg,15A00635,10D6335
AQUA2__checkout_2020-10-28-8-38Mtsln3KIhA.jpg,29A77998,EE477998
AQUA4_34588_checkout_2020-10-25-14-52vT5KZlMYB0.jpg,30A34588,30A3589
AQUA7_null_checkout_2020-10-19-10-3npZ7kbHMSM.jpg,89A20061,39A2006
AQUA7_09132_checkin_2020-10-24-9-49mnhyyjGDAv.jpg,30G09132,80G09132
AQUA4_02343_checkin_2020-10-29-10-2FJinSQHIDo.jpg,29A02343,29D2343
AQUA2_52911_checkin_2020-10-25-8-52w2paLJIm01.jpg,51G52911,61G52914
AQUA5_null_checkoutex_2020-10-19-10-20qZNPpLCxRn.jpg,30M4253,30M14263
AQUA5_4253_checkin_2020-10-23-9-182FEIOdbSmp.jpg,30M4253,30I4253
AQUA5_32867_checkin_2020-10-29-9-23dnUpMehRiE.jpg,30A32867,50A32867
AQUA2_33254_checkoutex_2020-11-2-14-47UtID3dgTEI.jpg,30G31553,3063165553
AQUA2_32665_checkin_2020-10-26-10-5J1mk7OxRh3.jpg,30F32665,24732665
AQUA5_4253_checkoutex_2020-10-23-9-23POco12QSux.jpg,30M4253,30N1L4253
AQUA2_12497_checkin_2020-10-25-8-53G_ahnwH1Kx.jpg,99A12497,66H12497
AQUA7_46294_checkin_2020-10-24-11-16SzHPPHe0FM.jpg,29A46294,29A6294
AQUA4_03523_checkin_2020-10-25-15-28E_twfjXWt9.jpg,30F03523,1035
AQUA2_52911_checkin_2020-10-25-10-47llGmFsu0g3.jpg,51G52911,616529
AQUA2_54827_checkin_2020-10-31-11-36MomsrrHfJ2.jpg,30A54827,30A64827
AQUA4_76791_checkin_2020-10-23-17-2HFiJNNsYuD.jpg,30A76791,30A76790
AQUA7_00275_checkin_2020-11-1-15-292RwA_Vw7xq.jpg,89LD00275,P9LD00275
AQUA5_null_checkoutex_2020-10-19-10-185ijSdzdnA8.jpg,30M4253,30M14253
AQUA2_08931_checkin_2020-10-26-8-32Eq872WszPJ.jpg,30F08931,ENF08931
AQUA2_61086_checkin_2020-10-28-11-40ctxywPcjoU.jpg,30G61086,30G61085
AQUA5_26583_checkin_2020-11-1-14-47lnmPTO_6Z5.jpg,30A26583,30A2658
AQUA5_96308_checkout_2020-10-26-20-364Zp8brrT2l.jpg,30A96308,30A96348
AQUA7_34A31506_checkin_2020-10-28-17-6oBDBdgP8s3.jpg,34A31506,IG6
AQUA5_NULL_checkin_2020-10-19-10-12qpoQcRTCPR.jpg,30M4253,30M14253
AQUA7_47662_checkin_2020-10-27-21-23NTUaMUXsV9.jpg,30E47662,ROFL7662
AQUA4_10993_checkin_2020-10-26-9-59Q9SC1vK434.jpg,89A10993,94I0993
AQUA5_23855_checkin_2020-10-29-8-34UVGci7QPzP.jpg,29H23855,29N23875
AQUA5_4253_checkin_2020-10-23-9-28xxCJ13SUgX.jpg,30M4253,30M14253
AQUA5_09566_checkout_2020-10-22-8-227Pn9SNN1Kp.jpg,29D09566,E9009566
AQUA2_07881_checkin_2020-10-28-8-8jw5pZGoF3R.jpg,29D07881,29D107881
AQUA5_09566_checkin_2020-10-22-8-20Cqn61iTgrg.jpg,29D09566,290095661
AQUA7_70190_checkout_2020-10-31-16-530RaE6m2Gdt.jpg,30A70190,LO0190
AQUA4_21510_checkin_2020-10-28-17-433PdtuFRKj4.jpg,30F21510,30250
AQUA4_7584_checkin_2020-10-26-8-38zKRMpny6jG.jpg,52F7584,52R7584
AQUA5_09566_checkout_2020-10-22-8-42Jd5PVgTBfK.jpg,29D09566,29I09566
AQUA7_48270_checkin_2020-10-29-12-53VIbQGygkvP.jpg,29A48170,29L8170
AQUA4_46189_checkin_2020-10-26-17-13vAzvOY2T9y.jpg,30F46189,30F46489
AQUA7_70190_checkout_2020-10-31-16-54d5H7_PkJoE.jpg,30A70190,QK70190
AQUA7_44039_checkin_2020-10-24-9-54Pd8mmXwMaw.jpg,29A44039,29A44O
AQUA2_09290_checkin_2020-10-22-10-47kCHb4hd9Qd.jpg,14A09290,44D9290
AQUA2_29D09566_checkin_2020-11-2-7-23xoVmRhiEQs.jpg,29D09566,29D9566
AQUA7_27838_checkout_2020-10-26-19-55zfYKsMFHAS.jpg,30G27838,80G27838
AQUA4_91866_checkin_2020-11-2-14-489hrWRUbYHM.jpg,30G01966,30G01866
AQUA7_97662_checkin_2020-11-2-17-37AU9BTVtt4r.jpg,30E97662,BOE976162
AQUA2_43755_checkin_2020-11-2-17-28VatYgIGFdm.jpg,30G43755,237
AQUA5_25885_checkin_2020-10-29-8-21BWos4RevUu.jpg,29A25885,29I25885
AQUA2__checkout_2020-10-29-9-58jy7Lae9GYD.jpg,30A58373,KOK68373
AQUA5_34241_checkin_2020-11-1-15-41zKpYuMBO6y.jpg,30G34241,30G36241
AQUA2_61153_checkin_2020-11-1-8-33fv6MTLn0w0.jpg,30A61153,304611531
AQUA5_06829_checkin_2020-11-1-11-30NBPXah7teq.jpg,30A06829,30L06829
AQUA4_46189_checkin_2020-10-28-17-40mUq_rbzcEB.jpg,30F46189,ROFLB189
AQUA5_09566_checkin_2020-10-22-8-25nQKbA99r6b.jpg,29D09566,E29D09568
AQUA7_43441_checkin_2020-10-26-22-41dHr6pPRo56.jpg,14A43441,1A4341
AQUA7_3555_checkin_2020-11-1-14-46Ab1b8Zf0ME.jpg,30Z3555,20Z35655
AQUA2_13497_checkin_2020-11-2-12-50CzIy6nrn1n.jpg,89C13497,89C13487
AQUA2_98366_checkin_2020-10-28-9-1uj4vIRH6Kj.jpg,29A98366,AL98366
AQUA5_07716_checkin_2020-10-26-10-23_Cz0vpxxsa.jpg,29H07716,29H07216
AQUA7_57224_checkin_2020-11-1-12-13urU4m_Tsw4.jpg,29A57224,29S7224
AQUA4__checkout_2020-10-26-10-2jaRko6AlI7.jpg,89A1096893,94I0993
AQUA5_06932_checkin_2020-10-27-8-55R8HRSqbPPn.jpg,89A06932,89H06932
AQUA5_46885_checkin_2020-10-26-16-127Ovxf4jOkZ.jpg,30G46885,306468855
AQUA5_27580_checkout_2020-10-22-8-119zIO7HhxKM.jpg,30F27580,30E27580
AQUA5_00635_checkin_2020-10-26-13-32nZs5JzM_Gz.jpg,15A00635,006335
AQUA2__checkout_2020-10-28-8-38Mtsln3KIhA.jpg,29A77998,E477998
AQUA4_34588_checkout_2020-10-25-14-52vT5KZlMYB0.jpg,30A34588,30A734589
AQUA7_null_checkout_2020-10-19-10-3npZ7kbHMSM.jpg,89A20061,39A20061
AQUA7_09132_checkin_2020-10-24-9-49mnhyyjGDAv.jpg,30G09132,80G09132
AQUA7_61035_checkin_2020-10-27-11-23xTo1RwMWfV.jpg,30E61035,30J61035
AQUA4_02343_checkin_2020-10-29-10-2FJinSQHIDo.jpg,29A02343,29D2343
AQUA2_52911_checkin_2020-10-25-8-52w2paLJIm01.jpg,51G52911,61G52914
AQUA5_null_checkoutex_2020-10-19-10-20qZNPpLCxRn.jpg,30M4253,3N1L263
AQUA5_4253_checkin_2020-10-23-9-182FEIOdbSmp.jpg,30M4253,30M14253
AQUA5_32867_checkin_2020-10-29-9-23dnUpMehRiE.jpg,30A32867,3
AQUA5_4253_checkoutex_2020-10-23-9-23POco12QSux.jpg,30M4253,30M32531
AQUA2_12497_checkin_2020-10-25-8-53G_ahnwH1Kx.jpg,99A12497,99A12197
AQUA4_03523_checkin_2020-10-25-15-28E_twfjXWt9.jpg,30F03523,30F1035237
AQUA2_52911_checkin_2020-10-25-10-47llGmFsu0g3.jpg,51G52911,151652911
AQUA2_54827_checkin_2020-10-31-11-36MomsrrHfJ2.jpg,30A54827,30A548277
AQUA7_00275_checkin_2020-11-1-15-292RwA_Vw7xq.jpg,89LD00275,0GLD00275
AQUA5_null_checkoutex_2020-10-19-10-185ijSdzdnA8.jpg,30M4253,30N4253
AQUA2_08931_checkin_2020-10-26-8-32Eq872WszPJ.jpg,30F08931,TMAC3I
AQUA2_61086_checkin_2020-10-28-11-40ctxywPcjoU.jpg,30G61086,30G6108
AQUA4_51511_checkin_2020-10-28-9-30LPDv1cttRf.jpg,30G51511,30G51571
AQUA7_null_checkoutex_2020-10-24-11-2VwqfMV8m9C.jpg,89A07379,0
AQUA7_34A31506_checkin_2020-10-28-17-6oBDBdgP8s3.jpg,34A31506,None
AQUA7_15606_checkin_2020-10-29-13-16D8NvpVDY6Z.jpg,29H15606,29H75606
AQUA7_66626_checkout_2020-11-1-11-34jVxkpgFhGP.jpg,29C66626,29C666261
AQUA7_53279_checkin_2020-10-24-9-54rPctikrgb4.jpg,30G53279,53869
AQUA2_07881_checkin_2020-10-28-8-8jw5pZGoF3R.jpg,29D07881,088
AQUA7_70190_checkout_2020-10-31-16-530RaE6m2Gdt.jpg,30A70190,None
AQUA4_7584_checkin_2020-10-26-8-38zKRMpny6jG.jpg,52F7584,52F74
AQUA7_48270_checkin_2020-10-29-12-53VIbQGygkvP.jpg,29A48170,294
AQUA4_03523_checkin_2020-10-25-15-21orl_DOEzDm.jpg,30F03523,30F1035231
AQUA2_09290_checkin_2020-10-22-10-47kCHb4hd9Qd.jpg,14A09290,44D9290
AQUA4_91866_checkin_2020-11-2-14-489hrWRUbYHM.jpg,30G01966,30G01866
AQUA7_97662_checkin_2020-11-2-17-37AU9BTVtt4r.jpg,30E97662,30E976628
AQUA2_43755_checkin_2020-11-2-17-28VatYgIGFdm.jpg,30G43755,3G437
AQUA7_null_checkoutex_2020-10-24-11-2l6f7w77mB8.jpg,89A07379,0
AQUA2_61153_checkin_2020-11-1-8-33fv6MTLn0w0.jpg,30A61153,61153
AQUA7_78286_checkoutex_2020-10-24-7-37tRlW2XQs2f.jpg,30F78286,30F1782861
AQUA7_43441_checkin_2020-10-26-22-41dHr6pPRo56.jpg,14A43441,U14A43441
AQUA2__checkout_2020-10-31-8-92oNzqbDZFh.jpg,30A26144,30A26143
AQUA7_3555_checkin_2020-11-1-14-46Ab1b8Zf0ME.jpg,30Z3555,556
AQUA2_13497_checkin_2020-11-2-12-50CzIy6nrn1n.jpg,89C13497,734
AQUA2_98366_checkin_2020-10-28-9-1uj4vIRH6Kj.jpg,29A98366,2AA
AQUA5_07716_checkin_2020-10-26-10-23_Cz0vpxxsa.jpg,29H07716,10Z9H6
AQUA2_97025_checkin_2020-10-26-7-35Qa6PUpYN1P.jpg,30F97025,130F97025
AQUA7_10868_checkin_2020-11-2-9-2uo9Y2WZdRw.jpg,89A10868,89A110868
AQUA4__checkout_2020-10-26-10-2jaRko6AlI7.jpg,89A1096893,89A10993
AQUA7_54201_checkin_2020-10-30-12-5hUfSOCqk7P.jpg,30G54201,56201
AQUA5_00635_checkin_2020-10-26-13-32nZs5JzM_Gz.jpg,15A00635,16A00635
AQUA2__checkout_2020-10-28-8-38Mtsln3KIhA.jpg,29A77998,4JA779981
AQUA5_12433_checkin_2020-10-28-19-597uRMamXP7N.jpg,89A12433,12433
AQUA4_6767_checkin_2020-10-31-17-23M_8qb1K8Ow.jpg,29V6767,126767
AQUA5_13974_checkin_2020-11-1-11-34p0D6TfYwbG.jpg,34A13974,A34A13974I
AQUA7_74905_checkin_2020-10-26-8-53GK3BWJjhCN.jpg,30F74905,905
AQUA7_61035_checkin_2020-10-27-11-23xTo1RwMWfV.jpg,30E61035,J2OF5I025
AQUA2_52911_checkin_2020-10-25-8-52w2paLJIm01.jpg,51G52911,51C52911
AQUA5_32867_checkin_2020-10-29-9-23dnUpMehRiE.jpg,30A32867,30
AQUA2_32665_checkin_2020-10-26-10-5J1mk7OxRh3.jpg,30F32665,32665
AQUA5_4253_checkoutex_2020-10-23-9-23POco12QSux.jpg,30M4253,30MK253
AQUA2_12497_checkin_2020-10-25-8-53G_ahnwH1Kx.jpg,99A12497,99A13697
AQUA2_52911_checkin_2020-10-25-10-47llGmFsu0g3.jpg,51G52911,51G52910
AQUA2__checkout_2020-10-27-10-52CdwGd3BNX0.jpg,30F32643,50F32673
AQUA5_null_checkoutex_2020-10-19-10-185ijSdzdnA8.jpg,30M4253,30M4263
AQUA5_22776_checkin_2020-11-1-14-39A9kkW_o00D.jpg,29C22776,29C227761
AQUA2_08931_checkin_2020-10-26-8-32Eq872WszPJ.jpg,30F08931,OF08931
AQUA5_99523_checkin_2020-10-29-13-1622PqmwN1_y.jpg,30F99523,0F9952
AQUA2_61086_checkin_2020-10-28-11-40ctxywPcjoU.jpg,30G61086,30G61080
AQUA4_51511_checkin_2020-10-28-9-30LPDv1cttRf.jpg,30G51511,30G57571
AQUA7_null_checkoutex_2020-10-24-11-2VwqfMV8m9C.jpg,89A07379,18
AQUA5_26583_checkin_2020-11-1-14-47lnmPTO_6Z5.jpg,30A26583,30A2658
AQUA7_34A31506_checkin_2020-10-28-17-6oBDBdgP8s3.jpg,34A31506,34
AQUA7_15606_checkin_2020-10-29-13-16D8NvpVDY6Z.jpg,29H15606,29H75686H
AQUA7_47662_checkin_2020-10-27-21-23NTUaMUXsV9.jpg,30E47662,30F67662
AQUA7_53279_checkin_2020-10-24-9-54rPctikrgb4.jpg,30G53279,05396S
AQUA5_23855_checkin_2020-10-29-8-34UVGci7QPzP.jpg,29H23855,I29N23855
AQUA5_4253_checkin_2020-10-23-9-28xxCJ13SUgX.jpg,30M4253,30M42536
AQUA2_07881_checkin_2020-10-28-8-8jw5pZGoF3R.jpg,29D07881,29D7881
AQUA7_70190_checkout_2020-10-31-16-530RaE6m2Gdt.jpg,30A70190,OA090
AQUA4_7584_checkin_2020-10-26-8-38zKRMpny6jG.jpg,52F7584,52F71
AQUA7_48270_checkin_2020-10-29-12-53VIbQGygkvP.jpg,29A48170,2AA
AQUA7_70190_checkout_2020-10-31-16-54d5H7_PkJoE.jpg,30A70190,0707A
AQUA2_09290_checkin_2020-10-22-10-47kCHb4hd9Qd.jpg,14A09290,44D9290
AQUA4_91866_checkin_2020-11-2-14-489hrWRUbYHM.jpg,30G01966,30G01866
AQUA2_43755_checkin_2020-11-2-17-28VatYgIGFdm.jpg,30G43755,30G437
AQUA5_15079_checkin_2020-10-31-18-109r4mPmRJS1.jpg,29H15079,29H115079
AQUA2__checkout_2020-10-29-9-58jy7Lae9GYD.jpg,30A58373,51T5833
AQUA7_null_checkoutex_2020-10-24-11-2l6f7w77mB8.jpg,89A07379,18
AQUA2_61153_checkin_2020-11-1-8-33fv6MTLn0w0.jpg,30A61153,61153
AQUA7_3555_checkin_2020-11-1-14-46Ab1b8Zf0ME.jpg,30Z3555,0Z3555
AQUA1_40304_checkin_2020-10-25-12-277bdC7U4qUk.jpg,30G40304,70G40303
AQUA2_13497_checkin_2020-11-2-12-50CzIy6nrn1n.jpg,89C13497,89C13647
AQUA2_98366_checkin_2020-10-28-9-1uj4vIRH6Kj.jpg,29A98366,24A98366
AQUA7_25697_checkin_2020-11-1-7-41An2Wjf1ej2.jpg,30F25697,50F25697
AQUA2_32643_checkin_2020-10-27-10-506oldDb2dPw.jpg,30F32643,50F32673
AQUA4__checkout_2020-10-26-10-2jaRko6AlI7.jpg,89A1096893,189A10993
AQUA7_54201_checkin_2020-10-30-12-5hUfSOCqk7P.jpg,30G54201,56201
AQUA4_6767_checkin_2020-10-31-17-23M_8qb1K8Ow.jpg,29V6767,29I6767
AQUA4_02343_checkin_2020-10-29-10-2FJinSQHIDo.jpg,29A02343,20A02343
AQUA2_52911_checkin_2020-10-25-8-52w2paLJIm01.jpg,51G52911,51B52911
AQUA5_null_checkoutex_2020-10-19-10-20qZNPpLCxRn.jpg,30M4253,30N4253
AQUA2_32665_checkin_2020-10-26-10-5J1mk7OxRh3.jpg,30F32665,50F32665
AQUA2_12497_checkin_2020-10-25-8-53G_ahnwH1Kx.jpg,99A12497,99H12497
AQUA7_46294_checkin_2020-10-24-11-16SzHPPHe0FM.jpg,29A46294,29A4629
AQUA7_00275_checkin_2020-11-1-15-292RwA_Vw7xq.jpg,89LD00275,0GLD00275
AQUA5_99523_checkin_2020-10-29-13-1622PqmwN1_y.jpg,30F99523,OF9952
AQUA2_61086_checkin_2020-10-28-11-40ctxywPcjoU.jpg,30G61086,30G61080
AQUA4_51511_checkin_2020-10-28-9-30LPDv1cttRf.jpg,30G51511,30G51571
AQUA5_26583_checkin_2020-11-1-14-47lnmPTO_6Z5.jpg,30A26583,30A2658
AQUA7_34A31506_checkin_2020-10-28-17-6oBDBdgP8s3.jpg,34A31506,3
AQUA7_47662_checkin_2020-10-27-21-23NTUaMUXsV9.jpg,30E47662,30F47662
AQUA7_53279_checkin_2020-10-24-9-54rPctikrgb4.jpg,30G53279,53469
AQUA5_23855_checkin_2020-10-29-8-34UVGci7QPzP.jpg,29H23855,29A23855
AQUA5_4253_checkin_2020-10-23-9-28xxCJ13SUgX.jpg,30M4253,30MK253
AQUA7_70190_checkout_2020-10-31-16-530RaE6m2Gdt.jpg,30A70190,A019C
AQUA4_7584_checkin_2020-10-26-8-38zKRMpny6jG.jpg,52F7584,52F71
AQUA7_48270_checkin_2020-10-29-12-53VIbQGygkvP.jpg,29A48170,29A
AQUA4_46189_checkin_2020-10-26-17-13vAzvOY2T9y.jpg,30F46189,30F66189
AQUA7_70190_checkout_2020-10-31-16-54d5H7_PkJoE.jpg,30A70190,30N70140
AQUA2_09290_checkin_2020-10-22-10-47kCHb4hd9Qd.jpg,14A09290,KA009290
AQUA7_54093_checkin_2020-10-28-15-53sfnrU1Jmi3.jpg,30E54093,540930E
AQUA4_91866_checkin_2020-11-2-14-489hrWRUbYHM.jpg,30G01966,30G01866
AQUA2_43755_checkin_2020-11-2-17-28VatYgIGFdm.jpg,30G43755,30G6372
AQUA2_61153_checkin_2020-11-1-8-33fv6MTLn0w0.jpg,30A61153,61153
AQUA7_43441_checkin_2020-10-26-22-41dHr6pPRo56.jpg,14A43441,U1LA43441
AQUA7_3555_checkin_2020-11-1-14-46Ab1b8Zf0ME.jpg,30Z3555,655
AQUA2_13497_checkin_2020-11-2-12-50CzIy6nrn1n.jpg,89C13497,18987
AQUA2_98366_checkin_2020-10-28-9-1uj4vIRH6Kj.jpg,29A98366,24A98366
AQUA4__checkout_2020-10-26-10-2jaRko6AlI7.jpg,89A1096893,89A10993
AQUA7_54201_checkin_2020-10-30-12-5hUfSOCqk7P.jpg,30G54201,5L201
AQUA2__checkout_2020-10-28-8-38Mtsln3KIhA.jpg,29A77998,29A77938
AQUA4_6767_checkin_2020-10-31-17-23M_8qb1K8Ow.jpg,29V6767,26767
AQUA5_13974_checkin_2020-11-1-11-34p0D6TfYwbG.jpg,34A13974,K34A1397WJ
AQUA7_74905_checkin_2020-10-26-8-53GK3BWJjhCN.jpg,30F74905,30F779754
AQUA5_null_checkoutex_2020-10-19-10-20qZNPpLCxRn.jpg,30M4253,30M16253
AQUA5_32867_checkin_2020-10-29-9-23dnUpMehRiE.jpg,30A32867,13A
AQUA2_32665_checkin_2020-10-26-10-5J1mk7OxRh3.jpg,30F32665,41F32665
AQUA5_4253_checkoutex_2020-10-23-9-23POco12QSux.jpg,30M4253,30MK253
AQUA2_52911_checkin_2020-10-25-10-47llGmFsu0g3.jpg,51G52911,1G5291E
AQUA7_00275_checkin_2020-11-1-15-292RwA_Vw7xq.jpg,89LD00275,09LD00275
AQUA5_99523_checkin_2020-10-29-13-1622PqmwN1_y.jpg,30F99523,OF9952
AQUA2_61086_checkin_2020-10-28-11-40ctxywPcjoU.jpg,30G61086,30G61080
AQUA4_51511_checkin_2020-10-28-9-30LPDv1cttRf.jpg,30G51511,30625T511
AQUA5_26583_checkin_2020-11-1-14-47lnmPTO_6Z5.jpg,30A26583,30A2658
AQUA7_34A31506_checkin_2020-10-28-17-6oBDBdgP8s3.jpg,34A31506,3846
AQUA7_47662_checkin_2020-10-27-21-23NTUaMUXsV9.jpg,30E47662,30F67662
AQUA5_23855_checkin_2020-10-29-8-34UVGci7QPzP.jpg,29H23855,29A23855
AQUA2_07881_checkin_2020-10-28-8-8jw5pZGoF3R.jpg,29D07881,9D0788
AQUA7_70190_checkout_2020-10-31-16-530RaE6m2Gdt.jpg,30A70190,A019
AQUA7_48270_checkin_2020-10-29-12-53VIbQGygkvP.jpg,29A48170,29A48171
AQUA4_46189_checkin_2020-10-26-17-13vAzvOY2T9y.jpg,30F46189,30F66189
AQUA7_70190_checkout_2020-10-31-16-54d5H7_PkJoE.jpg,30A70190,40N70190
AQUA7_44039_checkin_2020-10-24-9-54Pd8mmXwMaw.jpg,29A44039,None
AQUA2_09290_checkin_2020-10-22-10-47kCHb4hd9Qd.jpg,14A09290,KA009290
AQUA7_54093_checkin_2020-10-28-15-53sfnrU1Jmi3.jpg,30E54093,540930E
AQUA4_26449_checkin_2020-11-1-10-19uZmFUOdSFa.jpg,30F26449,13D
AQUA4_91866_checkin_2020-11-2-14-489hrWRUbYHM.jpg,30G01966,30G01866
AQUA2_43755_checkin_2020-11-2-17-28VatYgIGFdm.jpg,30G43755,3G437
AQUA5_25885_checkin_2020-10-29-8-21BWos4RevUu.jpg,29A25885,02925885
AQUA4__checkout_2020-10-25-15-50PvyOLZSkVX.jpg,89A07758,089Z8
AQUA2_61153_checkin_2020-11-1-8-33fv6MTLn0w0.jpg,30A61153,61153
AQUA5_06829_checkin_2020-11-1-11-30NBPXah7teq.jpg,30A06829,3040682C
AQUA5_09566_checkin_2020-10-22-8-25nQKbA99r6b.jpg,29D09566,29D0956E
AQUA7_3555_checkin_2020-11-1-14-46Ab1b8Zf0ME.jpg,30Z3555,0Z3565
AQUA2_13497_checkin_2020-11-2-12-50CzIy6nrn1n.jpg,89C13497,48987
AQUA4_56695_checkin_2020-11-1-13-57nEVXm5NbaP.jpg,30G56695,30G56635
AQUA2_98366_checkin_2020-10-28-9-1uj4vIRH6Kj.jpg,29A98366,ZAA
AQUA4_1636_checkin_2020-10-27-14-24kRrU5wwy5z.jpg,38N1636,38N163
AQUA4__checkout_2020-10-26-10-2jaRko6AlI7.jpg,89A1096893,89A10993
AQUA5_00635_checkin_2020-10-26-13-32nZs5JzM_Gz.jpg,15A00635,16A00635
AEONTP_62A02636_checkin_2020-1-13-16-14gXI_gF3J5Z.jpg,62A02636,6
AQUA4_6767_checkin_2020-10-31-17-23M_8qb1K8Ow.jpg,29V6767,26767
AQUA7_41359_checkin_2020-10-28-14-32GaXuBh0Dc2.jpg,30G41359,30D41352
AQUA7_61035_checkin_2020-10-27-11-23xTo1RwMWfV.jpg,30E61035,30FRTNT
AQUA5_null_checkoutex_2020-10-19-10-20qZNPpLCxRn.jpg,30M4253,30N4263
AQUA2_32665_checkin_2020-10-26-10-5J1mk7OxRh3.jpg,30F32665,40R32665
AQUA5_4253_checkoutex_2020-10-23-9-23POco12QSux.jpg,30M4253,30M14253
AQUA2_12497_checkin_2020-10-25-8-53G_ahnwH1Kx.jpg,99A12497,69H12497
AQUA7_46294_checkin_2020-10-24-11-16SzHPPHe0FM.jpg,29A46294,29A6294
AQUA2_52911_checkin_2020-10-25-10-47llGmFsu0g3.jpg,51G52911,516529M1
AQUA2_54827_checkin_2020-10-31-11-36MomsrrHfJ2.jpg,30A54827,30A64827
AQUA2__checkout_2020-10-27-10-52CdwGd3BNX0.jpg,30F32643,QF32643
AQUA7_00275_checkin_2020-11-1-15-292RwA_Vw7xq.jpg,89LD00275,90D0275
AQUA5_null_checkoutex_2020-10-19-10-185ijSdzdnA8.jpg,30M4253,30M14253
AQUA5_22776_checkin_2020-11-1-14-39A9kkW_o00D.jpg,29C22776,29Z2776
AQUA5_99523_checkin_2020-10-29-13-1622PqmwN1_y.jpg,30F99523,OF99522
AQUA2_61086_checkin_2020-10-28-11-40ctxywPcjoU.jpg,30G61086,30G61085
AQUA4_51511_checkin_2020-10-28-9-30LPDv1cttRf.jpg,30G51511,306545411
AQUA5_26583_checkin_2020-11-1-14-47lnmPTO_6Z5.jpg,30A26583,30A2658
AQUA5_96308_checkout_2020-10-26-20-364Zp8brrT2l.jpg,30A96308,30A963408
AQUA7_34A31506_checkin_2020-10-28-17-6oBDBdgP8s3.jpg,34A31506,NIGLE
AQUA5_NULL_checkin_2020-10-19-10-12qpoQcRTCPR.jpg,30M4253,30N14253
AQUA7_47662_checkin_2020-10-27-21-23NTUaMUXsV9.jpg,30E47662,ROF47662
AQUA7_53279_checkin_2020-10-24-9-54rPctikrgb4.jpg,30G53279,306652279
AQUA5_23855_checkin_2020-10-29-8-34UVGci7QPzP.jpg,29H23855,29Z3835
AQUA5_4253_checkin_2020-10-23-9-28xxCJ13SUgX.jpg,30M4253,30S4253
AQUA2_07881_checkin_2020-10-28-8-8jw5pZGoF3R.jpg,29D07881,29DE07881
AQUA7_70190_checkout_2020-10-31-16-530RaE6m2Gdt.jpg,30A70190,30T0196
AQUA4_21510_checkin_2020-10-28-17-433PdtuFRKj4.jpg,30F21510,302U50
AQUA4_7584_checkin_2020-10-26-8-38zKRMpny6jG.jpg,52F7584,62F7584
AQUA7_48270_checkin_2020-10-29-12-53VIbQGygkvP.jpg,29A48170,79D48120
AQUA4_03523_checkin_2020-10-25-15-21orl_DOEzDm.jpg,30F03523,30F035231
AQUA4_46189_checkin_2020-10-26-17-13vAzvOY2T9y.jpg,30F46189,30F43189
AQUA7_70190_checkout_2020-10-31-16-54d5H7_PkJoE.jpg,30A70190,8N77O190
AQUA2_09290_checkin_2020-10-22-10-47kCHb4hd9Qd.jpg,14A09290,44D9290
AQUA7_54093_checkin_2020-10-28-15-53sfnrU1Jmi3.jpg,30E54093,30E5409
AQUA4_91866_checkin_2020-11-2-14-489hrWRUbYHM.jpg,30G01966,30G01866
AQUA2_43755_checkin_2020-11-2-17-28VatYgIGFdm.jpg,30G43755,286437
AQUA5_25885_checkin_2020-10-29-8-21BWos4RevUu.jpg,29A25885,RSA25885
AQUA5_0865_checkin_2020-10-29-13-57o9pUh5imZO.jpg,30Z0865,30Z0885
AQUA2__checkout_2020-10-29-9-58jy7Lae9GYD.jpg,30A58373,30K583773
AQUA2_61153_checkin_2020-11-1-8-33fv6MTLn0w0.jpg,30A61153,50A61153
AQUA4_46189_checkin_2020-10-28-17-40mUq_rbzcEB.jpg,30F46189,ROFL6189
AQUA7_43441_checkin_2020-10-26-22-41dHr6pPRo56.jpg,14A43441,U4A43K41
AQUA2__checkout_2020-10-31-8-92oNzqbDZFh.jpg,30A26144,30A26164
AQUA7_3555_checkin_2020-11-1-14-46Ab1b8Zf0ME.jpg,30Z3555,203555
AQUA2_13497_checkin_2020-11-2-12-50CzIy6nrn1n.jpg,89C13497,89C13407
AQUA2_98366_checkin_2020-10-28-9-1uj4vIRH6Kj.jpg,29A98366,QSR98366F
AQUA4_1636_checkin_2020-10-27-14-24kRrU5wwy5z.jpg,38N1636,38A1636
AQUA2_19663_checkin_2020-10-31-7-48mDa65yh3hU.jpg,30G19663,80G19663
AQUA2_32643_checkin_2020-10-27-10-506oldDb2dPw.jpg,30F32643,QF32643
AQUA4__checkout_2020-10-26-10-2jaRko6AlI7.jpg,89A1096893,89A10993
AQUA7_54201_checkin_2020-10-30-12-5hUfSOCqk7P.jpg,30G54201,54201
AQUA2__checkout_2020-10-28-8-38Mtsln3KIhA.jpg,29A77998,LEK77998
AQUA4_6767_checkin_2020-10-31-17-23M_8qb1K8Ow.jpg,29V6767,29I6767
AQUA5_13974_checkin_2020-11-1-11-34p0D6TfYwbG.jpg,34A13974,R3LA139Z43
AQUA7_74905_checkin_2020-10-26-8-53GK3BWJjhCN.jpg,30F74905,30F7805
AQUA2_52911_checkin_2020-10-25-8-52w2paLJIm01.jpg,51G52911,51G52917
AQUA5_null_checkoutex_2020-10-19-10-20qZNPpLCxRn.jpg,30M4253,30D14253
AQUA2_0009_checkoutex_2020-11-2-7-28oqoVqSb5nt.jpg,56S0009,56S0006
AQUA2_32665_checkin_2020-10-26-10-5J1mk7OxRh3.jpg,30F32665,0F3266
AQUA5_4253_checkin_2020-10-27-15-14sjusHgPAha.jpg,30M4253,30M
AQUA2_12497_checkin_2020-10-25-8-53G_ahnwH1Kx.jpg,99A12497,99H12497
AQUA4_03523_checkin_2020-10-25-15-28E_twfjXWt9.jpg,30F03523,30F3523
AQUA4_76791_checkin_2020-10-23-17-2HFiJNNsYuD.jpg,30A76791,3A76791
AQUA5_11155_checkin_2020-11-1-11-44PAbemuH7Y0.jpg,30G11155,30155
AQUA5_29H06845_checkin_2020-10-19-14-7bu5yEddHF3.jpg,29H06845,29H068
AQUA7_97571_checkin_2020-10-31-8-14_cKFNdgqbd.jpg,30A97571,304
AQUA7_00275_checkin_2020-11-1-15-292RwA_Vw7xq.jpg,89LD00275,09LD00275
AQUA5_null_checkoutex_2020-10-19-10-185ijSdzdnA8.jpg,30M4253,30N4253
AQUA2_08931_checkin_2020-10-26-8-32Eq872WszPJ.jpg,30F08931,OF089
AQUA5_99523_checkin_2020-10-29-13-1622PqmwN1_y.jpg,30F99523,OF9952
AQUA7_09586_checkout_2020-10-22-8-21Kn_D98FCUN.jpg,29A09586,29AF09586
AQUA5_31825_checkin_2020-10-25-7-30KQvoyIuTha.jpg,34A31825,331825
AQUA1_46294_checkin_2020-10-23-10-18fmUaDsXxvM.jpg,29A46294,29A4629
AQUA2_61086_checkin_2020-10-28-11-40ctxywPcjoU.jpg,30G61086,30G61080
AQUA4_15530_checkin_2020-10-25-14-53LCxcaM2LnX.jpg,89A15530,18930
AQUA4_51511_checkin_2020-10-28-9-30LPDv1cttRf.jpg,30G51511,30G57571
AQUA7_null_checkoutex_2020-10-24-11-2VwqfMV8m9C.jpg,89A07379,0737
AQUA5_26583_checkin_2020-11-1-14-47lnmPTO_6Z5.jpg,30A26583,OA2658
AQUA5_96308_checkout_2020-10-26-20-364Zp8brrT2l.jpg,30A96308,30A6308
AQUA7_34A31506_checkin_2020-10-28-17-6oBDBdgP8s3.jpg,34A31506,3
AQUA7_15606_checkin_2020-10-29-13-16D8NvpVDY6Z.jpg,29H15606,29H75606
AQUA7_66626_checkout_2020-11-1-11-34jVxkpgFhGP.jpg,29C66626,9C6662
AQUA7_47662_checkin_2020-10-27-21-23NTUaMUXsV9.jpg,30E47662,30F47662
AQUA7_53279_checkin_2020-10-24-9-54rPctikrgb4.jpg,30G53279,53469
AQUA5_23855_checkin_2020-10-29-8-34UVGci7QPzP.jpg,29H23855,29A23855
AQUA5_4253_checkin_2020-10-23-9-28xxCJ13SUgX.jpg,30M4253,30MK253
AQUA5_09566_checkout_2020-10-22-8-227Pn9SNN1Kp.jpg,29D09566,9D0956
AQUA2_07881_checkin_2020-10-28-8-8jw5pZGoF3R.jpg,29D07881,90D7881
AQUA5_09566_checkin_2020-10-22-8-20Cqn61iTgrg.jpg,29D09566,9D0956
AQUA7_70190_checkout_2020-10-31-16-530RaE6m2Gdt.jpg,30A70190,A019
AQUA4_7584_checkin_2020-10-26-8-38zKRMpny6jG.jpg,52F7584,52F71
AQUA5_09566_checkout_2020-10-22-8-42Jd5PVgTBfK.jpg,29D09566,9D0956
AQUA7_48270_checkin_2020-10-29-12-53VIbQGygkvP.jpg,29A48170,29A
AQUA4_46189_checkin_2020-10-26-17-13vAzvOY2T9y.jpg,30F46189,30F66189
AQUA7_70190_checkout_2020-10-31-16-54d5H7_PkJoE.jpg,30A70190,OA7019
AQUA7_44039_checkin_2020-10-24-9-54Pd8mmXwMaw.jpg,29A44039,03
AQUA5_09566_checkout_2020-10-22-8-25RVsWKCHq0S.jpg,29D09566,9D0956
AQUA2_09290_checkin_2020-10-22-10-47kCHb4hd9Qd.jpg,14A09290,09290
AQUA7_54093_checkin_2020-10-28-15-53sfnrU1Jmi3.jpg,30E54093,540930E
AQUA5_31825_checkout_2020-10-25-7-31U_fo1TgaS_.jpg,34A31825,34A3182
AQUA5_30E89023_checkin_2020-10-26-20-2fWf3FOPwY1.jpg,30E89023,OF89023
AQUA4_91866_checkin_2020-11-2-14-489hrWRUbYHM.jpg,30G01966,30G07866
AQUA2_43755_checkin_2020-11-2-17-28VatYgIGFdm.jpg,30G43755,0G437
AQUA4__checkout_2020-10-25-15-50PvyOLZSkVX.jpg,89A07758,0898
AQUA7_null_checkoutex_2020-10-24-11-2l6f7w77mB8.jpg,89A07379,0737
AQUA2_61153_checkin_2020-11-1-8-33fv6MTLn0w0.jpg,30A61153,1153
AQUA5_06829_checkin_2020-11-1-11-30NBPXah7teq.jpg,30A06829,040682
AQUA5_09566_checkin_2020-10-22-8-25nQKbA99r6b.jpg,29D09566,9D0956
AQUA2__checkout_2020-10-31-8-92oNzqbDZFh.jpg,30A26144,30A26143
AQUA7_3555_checkin_2020-11-1-14-46Ab1b8Zf0ME.jpg,30Z3555,655
AQUA1_40304_checkin_2020-10-25-12-277bdC7U4qUk.jpg,30G40304,30G40303
AQUA2_13497_checkin_2020-11-2-12-50CzIy6nrn1n.jpg,89C13497,89C13637
AQUA7_30A79209_checkin_2020-10-26-13-18eCBFj3goyM.jpg,30A79209,30A79206
AQUA7_17339_checkin_2020-10-27-16-41S6GcWgNXWL.jpg,98A17339,981733
AQUA2_98366_checkin_2020-10-28-9-1uj4vIRH6Kj.jpg,29A98366,24A98366
AQUA7_25697_checkin_2020-11-1-7-41An2Wjf1ej2.jpg,30F25697,25697
AQUA7_10868_checkin_2020-11-2-9-2uo9Y2WZdRw.jpg,89A10868,89A086
AQUA4__checkout_2020-10-26-10-2jaRko6AlI7.jpg,89A1096893,89A10993
AQUA7_54201_checkin_2020-10-30-12-5hUfSOCqk7P.jpg,30G54201,54201
AQUA4_07394_checkin_2020-10-26-16-5UF3WXRretJ.jpg,89A07394,89A07393
AQUA5_27580_checkout_2020-10-22-8-119zIO7HhxKM.jpg,30F27580,OF27580
AQUA5_00635_checkin_2020-10-26-13-32nZs5JzM_Gz.jpg,15A00635,16A0063
AQUA5_12433_checkin_2020-10-28-19-597uRMamXP7N.jpg,89A12433,G12433
AQUA4_34588_checkout_2020-10-25-14-52vT5KZlMYB0.jpg,30A34588,30A3K58
AQUA4_6767_checkin_2020-10-31-17-23M_8qb1K8Ow.jpg,29V6767,26767
AQUA5_13974_checkin_2020-11-1-11-34p0D6TfYwbG.jpg,34A13974,K34A13974
AQUA7_41359_checkin_2020-10-28-14-32GaXuBh0Dc2.jpg,30G41359,30G4135
AQUA7_74905_checkin_2020-10-26-8-53GK3BWJjhCN.jpg,30F74905,OF77905
AQUA7_61035_checkin_2020-10-27-11-23xTo1RwMWfV.jpg,30E61035,30E6103
AQUA5_04369_checkin_2020-10-27-7-11Ar98JAiKgq.jpg,89A04369,A04369
AQUA5_null_checkoutex_2020-10-19-10-20qZNPpLCxRn.jpg,30M4253,30M4263
AQUA4_03523_checkin_2020-10-25-15-28E_twfjXWt9.jpg,30F03523,035
AQUA2_52911_checkin_2020-10-25-10-47llGmFsu0g3.jpg,51G52911,51G5291
AQUA7_10841_checkin_2020-10-22-8-21Qq4n3OsUfS.jpg,89A10341,84I0341
AQUA7_97974_checkin_2020-10-31-22-7Z6G0B5MPnd.jpg,30E97974,30E
AQUA2_37213_checkin_2020-10-26-7-17_Pzecj6tfP.jpg,30G37213,306372131
AQUA2_08931_checkin_2020-10-26-8-32Eq872WszPJ.jpg,30F08931,OF08931
AQUA5_99523_checkin_2020-10-29-13-1622PqmwN1_y.jpg,30F99523,OF9952
AQUA1_46564_checkin_2020-10-26-8-6Bx7lUNRXBR.jpg,30F46564,301F4656L
AQUA2_61086_checkin_2020-10-28-11-40ctxywPcjoU.jpg,30G61086,30G1085
AQUA7_null_checkoutex_2020-10-24-11-2VwqfMV8m9C.jpg,89A07379,07379
AQUA5_26583_checkin_2020-11-1-14-47lnmPTO_6Z5.jpg,30A26583,OA2658
AQUA7_34A31506_checkin_2020-10-28-17-6oBDBdgP8s3.jpg,34A31506,3348
AQUA7_66626_checkout_2020-11-1-11-34jVxkpgFhGP.jpg,29C66626,626
AQUA2_07881_checkin_2020-10-28-8-8jw5pZGoF3R.jpg,29D07881,GD
AQUA7_70190_checkout_2020-10-31-16-530RaE6m2Gdt.jpg,30A70190,09
AQUA7_48270_checkin_2020-10-29-12-53VIbQGygkvP.jpg,29A48170,29A
AQUA7_70190_checkout_2020-10-31-16-54d5H7_PkJoE.jpg,30A70190,04T0190
AQUA7_44039_checkin_2020-10-24-9-54Pd8mmXwMaw.jpg,29A44039,903
AQUA5_09566_checkout_2020-10-22-8-25RVsWKCHq0S.jpg,29D09566,29O09566
AQUA2_09290_checkin_2020-10-22-10-47kCHb4hd9Qd.jpg,14A09290,09290
AQUA4_91866_checkin_2020-11-2-14-489hrWRUbYHM.jpg,30G01966,30G07866
AQUA4__checkout_2020-10-25-15-378hht5OpWtJ.jpg,30F49056,30F490561
AQUA2_43755_checkin_2020-11-2-17-28VatYgIGFdm.jpg,30G43755,0G437
AQUA2__checkout_2020-10-29-9-58jy7Lae9GYD.jpg,30A58373,20A58373
AQUA7_null_checkoutex_2020-10-24-11-2l6f7w77mB8.jpg,89A07379,07379
AQUA2_61153_checkin_2020-11-1-8-33fv6MTLn0w0.jpg,30A61153,61153
AQUA2__checkout_2020-10-31-8-92oNzqbDZFh.jpg,30A26144,30A126144
AQUA7_3555_checkin_2020-11-1-14-46Ab1b8Zf0ME.jpg,30Z3555,30T3555
AQUA1_40304_checkin_2020-10-25-12-277bdC7U4qUk.jpg,30G40304,30G40303
AQUA7_30A79209_checkin_2020-10-26-13-18eCBFj3goyM.jpg,30A79209,30A79206
AQUA4_56695_checkin_2020-11-1-13-57nEVXm5NbaP.jpg,30G56695,566
AQUA4__checkout_2020-10-26-10-2jaRko6AlI7.jpg,89A1096893,89A10993
AQUA7_54201_checkin_2020-10-30-12-5hUfSOCqk7P.jpg,30G54201,54201
AQUA5_46885_checkin_2020-10-26-16-127Ovxf4jOkZ.jpg,30G46885,306468851
AEONTP_6S81U5_checkin_2020-1-13-16-18bx9UOV6rY5.jpg,53S8195,5
AQUA5_00635_checkin_2020-10-26-13-32nZs5JzM_Gz.jpg,15A00635,16A00635
AQUA5_12433_checkin_2020-10-28-19-597uRMamXP7N.jpg,89A12433,812433
AQUA4_34588_checkout_2020-10-25-14-52vT5KZlMYB0.jpg,30A34588,30A3458
AQUA4_6767_checkin_2020-10-31-17-23M_8qb1K8Ow.jpg,29V6767,29I6767
AQUA5_13974_checkin_2020-11-1-11-34p0D6TfYwbG.jpg,34A13974,34A1397KI
AQUA7_41359_checkin_2020-10-28-14-32GaXuBh0Dc2.jpg,30G41359,06A1359
AQUA4_02343_checkin_2020-10-29-10-2FJinSQHIDo.jpg,29A02343,29A02363
